00:00:00, 7
00:00:01, 6
00:00:02, 5
00:00:03, 4
00:00:04, 3
00:00:05, 6
00:00:06, 4
00:00:07, 5
00:00:08, 6
00:00:09, 6
00:00:10, 9
00:00:11, 7
00:00:12, 10
00:00:13, 9
00:00:14, 5
00:00:15, 11
00:00:16, 14
00:00:17, 13
00:00:18, 9
00:00:19, 10
00:00:20, 15
00:00:21, 10
00:00:22, 5
00:00:23, 5
00:00:24, 9
00:00:25, 15
00:00:26, 12
00:00:27, 14
00:00:28, 14
00:00:29, 10
00:00:30, 8
00:00:31, 10
00:00:32, 14
00:00:33, 11
00:00:34, 14
00:00:35, 12
00:00:36, 11
00:00:37, 7
00:00:38, 4
00:00:39, 5
00:00:40, 13
00:00:41, 10
00:00:42, 7
00:00:43, 11
00:00:44, 15
00:00:45, 11
00:00:46, 11
00:00:47, 15
00:00:48, 11
00:00:49, 7
00:00:50, 13
00:00:51, 10
00:00:52, 6
00:00:53, 10
00:00:54, 9
00:00:55, 9
00:00:56, 9
00:00:57, 14
00:00:58, 14
00:00:59, 9
00:01:00, 5
00:01:01, 3
00:01:02, 10
00:01:03, 8
00:01:04, 5
00:01:05, 7
00:01:06, 4
00:01:07, 6
00:01:08, 4
00:01:09, 6
00:01:10, 8
00:01:11, 12
00:01:12, 9
00:01:13, 11
00:01:14, 14
00:01:15, 10
00:01:16, 10
00:01:17, 6
00:01:18, 10
00:01:19, 8
00:01:20, 14
00:01:21, 10
00:01:22, 13
00:01:23, 12
00:01:24, 14
00:01:25, 13
00:01:26, 12
00:01:27, 7
00:01:28, 7
00:01:29, 9
00:01:30, 11
00:01:31, 11
00:01:32, 14
00:01:33, 14
00:01:34, 10
00:01:35, 14
00:01:36, 14
00:01:37, 11
00:01:38, 8
00:01:39, 6
00:01:40, 8
00:01:41, 9
00:01:42, 8
00:01:43, 5
00:01:44, 4
00:01:45, 6
00:01:46, 6
00:01:47, 4
00:01:48, 7
00:01:49, 5
00:01:50, 7
00:01:51, 15
00:01:52, 12
00:01:53, 11
00:01:54, 10
00:01:55, 9
00:01:56, 10
00:01:57, 11
00:01:58, 11
00:01:59, 7
00:02:00, 3
00:02:01, 13
00:02:02, 10
00:02:03, 12
00:02:04, 15
00:02:05, 14
00:02:06, 10
00:02:07, 9
00:02:08, 7
00:02:09, 9
00:02:10, 10
00:02:11, 10
00:02:12, 10
00:02:13, 13
00:02:14, 11
00:02:15, 7
00:02:16, 11
00:02:17, 13
00:02:18, 9
00:02:19, 6
00:02:20, 9
00:02:21, 15
00:02:22, 14
00:02:23, 10
00:02:24, 9
00:02:25, 8
00:02:26, 7
00:02:27, 4
00:02:28, 14
00:02:29, 10
00:02:30, 7
00:02:31, 6
00:02:32, 7
00:02:33, 6
00:02:34, 4
00:02:35, 1
00:02:36, 8
00:02:37, 6
00:02:38, 8
00:02:39, 6
00:02:40, 7
00:02:41, 4
00:02:42, 10
00:02:43, 11
00:02:44, 11
00:02:45, 12
00:02:46, 8
00:02:47, 11
00:02:48, 10
00:02:49, 9
00:02:50, 6
00:02:51, 7
00:02:52, 15
00:02:53, 10
00:02:54, 8
00:02:55, 9
00:02:56, 9
00:02:57, 15
00:02:58, 12
00:02:59, 10
00:03:00, 12
00:03:01, 9
00:03:02, 14
00:03:03, 13
00:03:04, 14
00:03:05, 13
00:03:06, 9
00:03:07, 8
00:03:08, 10
00:03:09, 15
00:03:10, 11
00:03:11, 11
00:03:12, 10
00:03:13, 14
00:03:14, 11
00:03:15, 9
00:03:16, 9
00:03:17, 8
00:03:18, 4
00:03:19, 1
00:03:20, 0
00:03:21, 6
00:03:22, 5
00:03:23, 4
00:03:24, 3
00:03:25, 2
00:03:26, 4
00:03:27, 7
00:03:28, 5
00:03:29, 10
00:03:30, 7
00:03:31, 4
00:03:32, 4
00:03:33, 8
00:03:34, 5
00:03:35, 7
00:03:36, 5
00:03:37, 11
00:03:38, 9
00:03:39, 7
00:03:40, 6
00:03:41, 9
00:03:42, 7
00:03:43, 7
00:03:44, 4
00:03:45, 3
00:03:46, 8
00:03:47, 5
00:03:48, 3
00:03:49, 5
00:03:50, 7
00:03:51, 5
00:03:52, 3
00:03:53, 6
00:03:54, 8
00:03:55, 12
00:03:56, 9
00:03:57, 6
00:03:58, 7
00:03:59, 5
00:04:00, 6
00:04:01, 4
00:04:02, 5
00:04:03, 8
00:04:04, 9
00:04:05, 6
00:04:06, 6
00:04:07, 5
00:04:08, 9
00:04:09, 7
00:04:10, 4
00:04:11, 14
00:04:12, 15
00:04:13, 12
00:04:14, 12
00:04:15, 14
00:04:16, 14
00:04:17, 14
00:04:18, 10
00:04:19, 9
00:04:20, 8
00:04:21, 8
00:04:22, 7
00:04:23, 4
00:04:24, 11
00:04:25, 7
00:04:26, 4
00:04:27, 4
00:04:28, 6
00:04:29, 4
00:04:30, 3
00:04:31, 4
00:04:32, 11
00:04:33, 8
00:04:34, 13
00:04:35, 10
00:04:36, 10
00:04:37, 10
00:04:38, 15
00:04:39, 11
00:04:40, 14
00:04:41, 10
00:04:42, 7
00:04:43, 10
00:04:44, 7
00:04:45, 8
00:04:46, 14
00:04:47, 12
00:04:48, 13
00:04:49, 11
00:04:50, 11
00:04:51, 13
00:04:52, 9
00:04:53, 6
00:04:54, 8
00:04:55, 13
00:04:56, 11
00:04:57, 7
00:04:58, 11
00:04:59, 6
00:05:00, 13
00:05:01, 15
00:05:02, 15
00:05:03, 10
00:05:04, 5
00:05:05, 4
00:05:06, 7
00:05:07, 8
00:05:08, 6
00:05:09, 6
00:05:10, 3
00:05:11, 4
00:05:12, 13
00:05:13, 10
00:05:14, 10
00:05:15, 14
00:05:16, 10
00:05:17, 6
00:05:18, 10
00:05:19, 13
00:05:20, 9
00:05:21, 11
00:05:22, 13
00:05:23, 10
00:05:24, 15
00:05:25, 11
00:05:26, 12
00:05:27, 8
00:05:28, 14
00:05:29, 11
00:05:30, 12
00:05:31, 14
00:05:32, 14
00:05:33, 15
00:05:34, 10
00:05:35, 12
00:05:36, 14
00:05:37, 14
00:05:38, 15
00:05:39, 10
00:05:40, 15
00:05:41, 13
00:05:42, 15
00:05:43, 14
00:05:44, 10
00:05:45, 7
00:05:46, 11
00:05:47, 7
00:05:48, 10
00:05:49, 7
00:05:50, 12
00:05:51, 13
00:05:52, 14
00:05:53, 10
00:05:54, 6
00:05:55, 10
00:05:56, 9
00:05:57, 9
00:05:58, 10
00:05:59, 9
00:06:00, 8
00:06:01, 7
00:06:02, 11
00:06:03, 14
00:06:04, 9
00:06:05, 6
00:06:06, 14
00:06:07, 11
00:06:08, 14
00:06:09, 11
00:06:10, 9
00:06:11, 12
00:06:12, 9
00:06:13, 11
00:06:14, 8
00:06:15, 8
00:06:16, 12
00:06:17, 8
00:06:18, 10
00:06:19, 9
00:06:20, 11
00:06:21, 6
00:06:22, 8
00:06:23, 9
00:06:24, 6
00:06:25, 13
00:06:26, 12
00:06:27, 13
00:06:28, 12
00:06:29, 13
00:06:30, 13
00:06:31, 12
00:06:32, 8
00:06:33, 13
00:06:34, 13
00:06:35, 9
00:06:36, 6
00:06:37, 7
00:06:38, 6
00:06:39, 4
00:06:40, 6
00:06:41, 5
00:06:42, 3
00:06:43, 9
00:06:44, 9
00:06:45, 6
00:06:46, 5
00:06:47, 2
00:06:48, 3
00:06:49, 6
00:06:50, 7
00:06:51, 5
00:06:52, 9
00:06:53, 8
00:06:54, 14
00:06:55, 11
00:06:56, 9
00:06:57, 10
00:06:58, 12
00:06:59, 9
00:07:00, 10
00:07:01, 11
00:07:02, 7
00:07:03, 9
00:07:04, 10
00:07:05, 12
00:07:06, 14
00:07:07, 12
00:07:08, 7
00:07:09, 9
00:07:10, 8
00:07:11, 9
00:07:12, 8
00:07:13, 4
00:07:14, 3
00:07:15, 4
00:07:16, 6
00:07:17, 4
00:07:18, 2
00:07:19, 8
00:07:20, 11
00:07:21, 8
00:07:22, 5
00:07:23, 3
00:07:24, 7
00:07:25, 7
00:07:26, 4
00:07:27, 4
00:07:28, 8
00:07:29, 5
00:07:30, 4
00:07:31, 4
00:07:32, 10
00:07:33, 7
00:07:34, 15
00:07:35, 12
00:07:36, 12
00:07:37, 12
00:07:38, 13
00:07:39, 14
00:07:40, 11
00:07:41, 11
00:07:42, 11
00:07:43, 7
00:07:44, 13
00:07:45, 14
00:07:46, 14
00:07:47, 9
00:07:48, 5
00:07:49, 10
00:07:50, 12
00:07:51, 9
00:07:52, 6
00:07:53, 6
00:07:54, 10
00:07:55, 6
00:07:56, 8
00:07:57, 6
00:07:58, 6
00:07:59, 7
00:08:00, 8
00:08:01, 7
00:08:02, 7
00:08:03, 6
00:08:04, 4
00:08:05, 10
00:08:06, 12
00:08:07, 8
00:08:08, 4
00:08:09, 6
00:08:10, 8
00:08:11, 9
00:08:12, 6
00:08:13, 8
00:08:14, 11
00:08:15, 9
00:08:16, 10
00:08:17, 10
00:08:18, 12
00:08:19, 12
00:08:20, 7
00:08:21, 11
00:08:22, 7
00:08:23, 11
00:08:24, 11
00:08:25, 13
00:08:26, 12
00:08:27, 10
00:08:28, 10
00:08:29, 8
00:08:30, 14
00:08:31, 13
00:08:32, 13
00:08:33, 12
00:08:34, 13
00:08:35, 11
00:08:36, 13
00:08:37, 12
00:08:38, 14
00:08:39, 14
00:08:40, 11
00:08:41, 7
00:08:42, 9
00:08:43, 14
00:08:44, 10
00:08:45, 9
00:08:46, 10
00:08:47, 6
00:08:48, 13
00:08:49, 9
00:08:50, 11
00:08:51, 6
00:08:52, 4
00:08:53, 4
00:08:54, 2
00:08:55, 2
00:08:56, 1
00:08:57, 7
00:08:58, 5
00:08:59, 3
00:09:00, 7
00:09:01, 4
00:09:02, 2
00:09:03, 7
00:09:04, 14
00:09:05, 11
00:09:06, 8
00:09:07, 5
00:09:08, 12
00:09:09, 11
00:09:10, 8
00:09:11, 10
00:09:12, 7
00:09:13, 5
00:09:14, 2
00:09:15, 7
00:09:16, 6
00:09:17, 5
00:09:18, 4
00:09:19, 4
00:09:20, 4
00:09:21, 2
00:09:22, 5
00:09:23, 8
00:09:24, 9
00:09:25, 10
00:09:26, 7
00:09:27, 7
00:09:28, 8
00:09:29, 5
00:09:30, 9
00:09:31, 11
00:09:32, 8
00:09:33, 9
00:09:34, 6
00:09:35, 8
00:09:36, 9
00:09:37, 6
00:09:38, 6
00:09:39, 6
00:09:40, 3
00:09:41, 1
00:09:42, 4
00:09:43, 4
00:09:44, 2
00:09:45, 10
00:09:46, 14
00:09:47, 12
00:09:48, 10
00:09:49, 8
00:09:50, 11
00:09:51, 10
00:09:52, 7
00:09:53, 12
00:09:54, 12
00:09:55, 13
00:09:56, 14
00:09:57, 10
00:09:58, 13
00:09:59, 12
00:10:00, 9
00:10:01, 8
00:10:02, 4
00:10:03, 12
00:10:04, 15
00:10:05, 12
00:10:06, 11
00:10:07, 11
00:10:08, 12
00:10:09, 13
00:10:10, 8
00:10:11, 10
00:10:12, 7
00:10:13, 6
00:10:14, 12
00:10:15, 14
00:10:16, 15
00:10:17, 13
00:10:18, 9
00:10:19, 7
00:10:20, 7
00:10:21, 15
00:10:22, 12
00:10:23, 9
00:10:24, 11
00:10:25, 14
00:10:26, 10
00:10:27, 14
00:10:28, 11
00:10:29, 8
00:10:30, 4
00:10:31, 1
00:10:32, 0
00:10:33, 3
00:10:34, 2
00:10:35, 1
00:10:36, 0
00:10:37, 0
00:10:38, 5
00:10:39, 4
00:10:40, 3
00:10:41, 2
00:10:42, 3
00:10:43, 4
00:10:44, 5
00:10:45, 6
00:10:46, 4
00:10:47, 4
00:10:48, 8
00:10:49, 11
00:10:50, 12
00:10:51, 9
00:10:52, 9
00:10:53, 5
00:10:54, 8
00:10:55, 9
00:10:56, 6
00:10:57, 12
00:10:58, 11
00:10:59, 9
00:11:00, 6
00:11:01, 11
00:11:02, 8
00:11:03, 13
00:11:04, 12
00:11:05, 11
00:11:06, 13
00:11:07, 14
00:11:08, 10
00:11:09, 7
00:11:10, 8
00:11:11, 11
00:11:12, 10
00:11:13, 12
00:11:14, 13
00:11:15, 15
00:11:16, 15
00:11:17, 11
00:11:18, 13
00:11:19, 8
00:11:20, 11
00:11:21, 11
00:11:22, 12
00:11:23, 13
00:11:24, 14
00:11:25, 11
00:11:26, 10
00:11:27, 6
00:11:28, 6
00:11:29, 11
00:11:30, 8
00:11:31, 5
00:11:32, 11
00:11:33, 12
00:11:34, 8
00:11:35, 5
00:11:36, 5
00:11:37, 13
00:11:38, 9
00:11:39, 7
00:11:40, 7
00:11:41, 4
00:11:42, 9
00:11:43, 6
00:11:44, 8
00:11:45, 10
00:11:46, 10
00:11:47, 11
00:11:48, 10
00:11:49, 12
00:11:50, 7
00:11:51, 4
00:11:52, 10
00:11:53, 12
00:11:54, 13
00:11:55, 10
00:11:56, 11
00:11:57, 11
00:11:58, 8
00:11:59, 8
00:12:00, 5
00:12:01, 10
00:12:02, 11
00:12:03, 8
00:12:04, 6
00:12:05, 4
00:12:06, 8
00:12:07, 5
00:12:08, 6
00:12:09, 4
00:12:10, 6
00:12:11, 7
00:12:12, 4
00:12:13, 2
00:12:14, 7
00:12:15, 8
00:12:16, 5
00:12:17, 5
00:12:18, 14
00:12:19, 12
00:12:20, 11
00:12:21, 8
00:12:22, 9
00:12:23, 8
00:12:24, 5
00:12:25, 4
00:12:26, 3
00:12:27, 6
00:12:28, 3
00:12:29, 2
00:12:30, 1
00:12:31, 4
00:12:32, 4
00:12:33, 2
00:12:34, 5
00:12:35, 7
00:12:36, 4
00:12:37, 2
00:12:38, 1
00:12:39, 4
00:12:40, 2
00:12:41, 2
00:12:42, 1
00:12:43, 5
00:12:44, 8
00:12:45, 6
00:12:46, 4
00:12:47, 2
00:12:48, 14
00:12:49, 11
00:12:50, 8
00:12:51, 9
00:12:52, 6
00:12:53, 9
00:12:54, 6
00:12:55, 10
00:12:56, 12
00:12:57, 8
00:12:58, 12
00:12:59, 8
00:13:00, 10
00:13:01, 13
00:13:02, 10
00:13:03, 7
00:13:04, 8
00:13:05, 4
00:13:06, 2
00:13:07, 10
00:13:08, 7
00:13:09, 8
00:13:10, 5
00:13:11, 9
00:13:12, 10
00:13:13, 11
00:13:14, 12
00:13:15, 13
00:13:16, 12
00:13:17, 13
00:13:18, 9
00:13:19, 13
00:13:20, 9
00:13:21, 15
00:13:22, 11
00:13:23, 10
00:13:24, 14
00:13:25, 15
00:13:26, 11
00:13:27, 15
00:13:28, 13
00:13:29, 10
00:13:30, 10
00:13:31, 15
00:13:32, 14
00:13:33, 9
00:13:34, 6
00:13:35, 4
00:13:36, 12
00:13:37, 9
00:13:38, 7
00:13:39, 15
00:13:40, 11
00:13:41, 7
00:13:42, 10
00:13:43, 6
00:13:44, 9
00:13:45, 5
00:13:46, 2
00:13:47, 5
00:13:48, 4
00:13:49, 3
00:13:50, 6
00:13:51, 11
00:13:52, 9
00:13:53, 14
00:13:54, 11
00:13:55, 10
00:13:56, 7
00:13:57, 11
00:13:58, 10
00:13:59, 11
00:14:00, 7
00:14:01, 10
00:14:02, 9
00:14:03, 15
00:14:04, 14
00:14:05, 11
00:14:06, 15
00:14:07, 10
00:14:08, 14
00:14:09, 13
00:14:10, 12
00:14:11, 11
00:14:12, 9
00:14:13, 5
00:14:14, 12
00:14:15, 9
00:14:16, 8
00:14:17, 7
00:14:18, 10
00:14:19, 8
00:14:20, 6
00:14:21, 8
00:14:22, 8
00:14:23, 5
00:14:24, 9
00:14:25, 11
00:14:26, 11
00:14:27, 7
00:14:28, 14
00:14:29, 15
00:14:30, 14
00:14:31, 10
00:14:32, 11
00:14:33, 9
00:14:34, 13
00:14:35, 14
00:14:36, 13
00:14:37, 14
00:14:38, 14
00:14:39, 13
00:14:40, 9
00:14:41, 5
00:14:42, 7
00:14:43, 8
00:14:44, 15
00:14:45, 14
00:14:46, 14
00:14:47, 13
00:14:48, 15
00:14:49, 14
00:14:50, 13
00:14:51, 12
00:14:52, 12
00:14:53, 10
00:14:54, 12
00:14:55, 13
00:14:56, 8
00:14:57, 14
00:14:58, 13
00:14:59, 14
00:15:00, 9
00:15:01, 11
00:15:02, 7
00:15:03, 4
00:15:04, 1
00:15:05, 2
00:15:06, 4
00:15:07, 5
00:15:08, 7
00:15:09, 6
00:15:10, 3
00:15:11, 9
00:15:12, 12
00:15:13, 10
00:15:14, 15
00:15:15, 12
00:15:16, 13
00:15:17, 13
00:15:18, 9
00:15:19, 13
00:15:20, 11
00:15:21, 10
00:15:22, 6
00:15:23, 9
00:15:24, 13
00:15:25, 10
00:15:26, 14
00:15:27, 11
00:15:28, 14
00:15:29, 10
00:15:30, 8
00:15:31, 8
00:15:32, 14
00:15:33, 10
00:15:34, 7
00:15:35, 15
00:15:36, 12
00:15:37, 9
00:15:38, 9
00:15:39, 8
00:15:40, 15
00:15:41, 15
00:15:42, 11
00:15:43, 15
00:15:44, 12
00:15:45, 12
00:15:46, 13
00:15:47, 14
00:15:48, 14
00:15:49, 12
00:15:50, 12
00:15:51, 15
00:15:52, 13
00:15:53, 13
00:15:54, 15
00:15:55, 14
00:15:56, 14
00:15:57, 11
00:15:58, 12
00:15:59, 12
00:16:00, 12
00:16:01, 11
00:16:02, 10
00:16:03, 11
00:16:04, 7
00:16:05, 12
00:16:06, 12
00:16:07, 7
00:16:08, 8
00:16:09, 8
00:16:10, 4
00:16:11, 9
00:16:12, 15
00:16:13, 13
00:16:14, 11
00:16:15, 9
00:16:16, 7
00:16:17, 15
00:16:18, 14
00:16:19, 10
00:16:20, 12
00:16:21, 10
00:16:22, 15
00:16:23, 12
00:16:24, 9
00:16:25, 8
00:16:26, 7
00:16:27, 11
00:16:28, 7
00:16:29, 12
00:16:30, 9
00:16:31, 6
00:16:32, 3
00:16:33, 10
00:16:34, 15
00:16:35, 11
00:16:36, 9
00:16:37, 8
00:16:38, 12
00:16:39, 9
00:16:40, 5
00:16:41, 10
00:16:42, 8
00:16:43, 6
00:16:44, 5
00:16:45, 7
00:16:46, 5
00:16:47, 3
00:16:48, 5
00:16:49, 8
00:16:50, 5
00:16:51, 6
00:16:52, 12
00:16:53, 12
00:16:54, 8
00:16:55, 5
00:16:56, 10
00:16:57, 7
00:16:58, 5
00:16:59, 7
00:17:00, 9
00:17:01, 14
00:17:02, 13
00:17:03, 13
00:17:04, 9
00:17:05, 6
00:17:06, 8
00:17:07, 8
00:17:08, 5
00:17:09, 7
00:17:10, 15
00:17:11, 11
00:17:12, 9
00:17:13, 9
00:17:14, 12
00:17:15, 12
00:17:16, 10
00:17:17, 8
00:17:18, 9
00:17:19, 8
00:17:20, 10
00:17:21, 6
00:17:22, 11
00:17:23, 15
00:17:24, 11
00:17:25, 11
00:17:26, 8
00:17:27, 11
00:17:28, 12
00:17:29, 13
00:17:30, 13
00:17:31, 9
00:17:32, 10
00:17:33, 9
00:17:34, 10
00:17:35, 9
00:17:36, 12
00:17:37, 8
00:17:38, 5
00:17:39, 7
00:17:40, 13
00:17:41, 15
00:17:42, 12
00:17:43, 11
00:17:44, 7
00:17:45, 7
00:17:46, 8
00:17:47, 6
00:17:48, 11
00:17:49, 7
00:17:50, 6
00:17:51, 11
00:17:52, 11
00:17:53, 11
00:17:54, 13
00:17:55, 12
00:17:56, 10
00:17:57, 6
00:17:58, 7
00:17:59, 14
00:18:00, 15
00:18:01, 11
00:18:02, 11
00:18:03, 12
00:18:04, 8
00:18:05, 10
00:18:06, 13
00:18:07, 9
00:18:08, 12
00:18:09, 12
00:18:10, 13
00:18:11, 8
00:18:12, 6
00:18:13, 11
00:18:14, 8
00:18:15, 6
00:18:16, 8
00:18:17, 6
00:18:18, 8
00:18:19, 10
00:18:20, 7
00:18:21, 4
00:18:22, 5
00:18:23, 7
00:18:24, 4
00:18:25, 5
00:18:26, 3
00:18:27, 6
00:18:28, 12
00:18:29, 9
00:18:30, 6
00:18:31, 4
00:18:32, 8
00:18:33, 8
00:18:34, 14
00:18:35, 10
00:18:36, 13
00:18:37, 13
00:18:38, 10
00:18:39, 15
00:18:40, 14
00:18:41, 15
00:18:42, 11
00:18:43, 12
00:18:44, 14
00:18:45, 10
00:18:46, 15
00:18:47, 15
00:18:48, 14
00:18:49, 13
00:18:50, 14
00:18:51, 15
00:18:52, 14
00:18:53, 9
00:18:54, 14
00:18:55, 14
00:18:56, 9
00:18:57, 12
00:18:58, 11
00:18:59, 15
00:19:00, 12
00:19:01, 8
00:19:02, 12
00:19:03, 11
00:19:04, 7
00:19:05, 15
00:19:06, 14
00:19:07, 11
00:19:08, 11
00:19:09, 8
00:19:10, 11
00:19:11, 9
00:19:12, 14
00:19:13, 14
00:19:14, 10
00:19:15, 9
00:19:16, 6
00:19:17, 7
00:19:18, 4
00:19:19, 2
00:19:20, 3
00:19:21, 2
00:19:22, 1
00:19:23, 7
00:19:24, 7
00:19:25, 5
00:19:26, 4
00:19:27, 3
00:19:28, 2
00:19:29, 5
00:19:30, 6
00:19:31, 4
00:19:32, 2
00:19:33, 13
00:19:34, 10
00:19:35, 7
00:19:36, 4
00:19:37, 3
00:19:38, 6
00:19:39, 8
00:19:40, 9
00:19:41, 6
00:19:42, 4
00:19:43, 12
00:19:44, 14
00:19:45, 12
00:19:46, 15
00:19:47, 12
00:19:48, 9
00:19:49, 13
00:19:50, 9
00:19:51, 7
00:19:52, 4
00:19:53, 12
00:19:54, 9
00:19:55, 6
00:19:56, 4
00:19:57, 2
00:19:58, 8
00:19:59, 6
00:20:00, 4
00:20:01, 5
00:20:02, 3
00:20:03, 6
00:20:04, 9
00:20:05, 11
00:20:06, 8
00:20:07, 5
00:20:08, 6
00:20:09, 10
00:20:10, 12
00:20:11, 8
00:20:12, 12
00:20:13, 13
00:20:14, 11
00:20:15, 12
00:20:16, 8
00:20:17, 15
00:20:18, 13
00:20:19, 9
00:20:20, 11
00:20:21, 13
00:20:22, 9
00:20:23, 6
00:20:24, 13
00:20:25, 15
00:20:26, 12
00:20:27, 14
00:20:28, 11
00:20:29, 12
00:20:30, 8
00:20:31, 10
00:20:32, 12
00:20:33, 8
00:20:34, 13
00:20:35, 12
00:20:36, 8
00:20:37, 7
00:20:38, 5
00:20:39, 8
00:20:40, 5
00:20:41, 2
00:20:42, 11
00:20:43, 8
00:20:44, 5
00:20:45, 11
00:20:46, 8
00:20:47, 10
00:20:48, 11
00:20:49, 8
00:20:50, 13
00:20:51, 9
00:20:52, 14
00:20:53, 11
00:20:54, 8
00:20:55, 5
00:20:56, 3
00:20:57, 6
00:20:58, 9
00:20:59, 6
00:21:00, 6
00:21:01, 4
00:21:02, 10
00:21:03, 7
00:21:04, 8
00:21:05, 8
00:21:06, 5
00:21:07, 4
00:21:08, 10
00:21:09, 8
00:21:10, 12
00:21:11, 9
00:21:12, 8
00:21:13, 5
00:21:14, 7
00:21:15, 13
00:21:16, 11
00:21:17, 11
00:21:18, 8
00:21:19, 10
00:21:20, 7
00:21:21, 9
00:21:22, 6
00:21:23, 3
00:21:24, 1
00:21:25, 5
00:21:26, 8
00:21:27, 6
00:21:28, 4
00:21:29, 4
00:21:30, 9
00:21:31, 10
00:21:32, 8
00:21:33, 6
00:21:34, 11
00:21:35, 8
00:21:36, 5
00:21:37, 7
00:21:38, 7
00:21:39, 11
00:21:40, 12
00:21:41, 12
00:21:42, 8
00:21:43, 9
00:21:44, 6
00:21:45, 9
00:21:46, 6
00:21:47, 6
00:21:48, 8
00:21:49, 9
00:21:50, 7
00:21:51, 11
00:21:52, 13
00:21:53, 9
00:21:54, 8
00:21:55, 10
00:21:56, 6
00:21:57, 11
00:21:58, 11
00:21:59, 8
00:22:00, 13
00:22:01, 13
00:22:02, 13
00:22:03, 14
00:22:04, 10
00:22:05, 8
00:22:06, 10
00:22:07, 6
00:22:08, 8
00:22:09, 5
00:22:10, 14
00:22:11, 11
00:22:12, 8
00:22:13, 7
00:22:14, 10
00:22:15, 12
00:22:16, 15
00:22:17, 11
00:22:18, 14
00:22:19, 10
00:22:20, 15
00:22:21, 11
00:22:22, 7
00:22:23, 10
00:22:24, 13
00:22:25, 15
00:22:26, 10
00:22:27, 6
00:22:28, 9
00:22:29, 9
00:22:30, 5
00:22:31, 6
00:22:32, 7
00:22:33, 6
00:22:34, 3
00:22:35, 5
00:22:36, 11
00:22:37, 8
00:22:38, 9
00:22:39, 7
00:22:40, 8
00:22:41, 7
00:22:42, 4
00:22:43, 4
00:22:44, 8
00:22:45, 5
00:22:46, 4
00:22:47, 6
00:22:48, 11
00:22:49, 9
00:22:50, 7
00:22:51, 15
00:22:52, 12
00:22:53, 15
00:22:54, 12
00:22:55, 12
00:22:56, 13
00:22:57, 9
00:22:58, 10
00:22:59, 7
00:23:00, 15
00:23:01, 15
00:23:02, 11
00:23:03, 8
00:23:04, 8
00:23:05, 9
00:23:06, 11
00:23:07, 8
00:23:08, 11
00:23:09, 9
00:23:10, 5
00:23:11, 4
00:23:12, 5
00:23:13, 7
00:23:14, 5
00:23:15, 3
00:23:16, 4
00:23:17, 2
00:23:18, 1
00:23:19, 7
00:23:20, 5
00:23:21, 3
00:23:22, 4
00:23:23, 7
00:23:24, 9
00:23:25, 11
00:23:26, 8
00:23:27, 11
00:23:28, 7
00:23:29, 14
00:23:30, 10
00:23:31, 9
00:23:32, 11
00:23:33, 14
00:23:34, 10
00:23:35, 7
00:23:36, 6
00:23:37, 14
00:23:38, 15
00:23:39, 14
00:23:40, 14
00:23:41, 11
00:23:42, 10
00:23:43, 6
00:23:44, 8
00:23:45, 13
00:23:46, 12
00:23:47, 8
00:23:48, 5
00:23:49, 8
00:23:50, 13
00:23:51, 9
00:23:52, 9
00:23:53, 12
00:23:54, 8
00:23:55, 5
00:23:56, 5
00:23:57, 7
00:23:58, 8
00:23:59, 10
00:24:00, 7
00:24:01, 9
00:24:02, 6
00:24:03, 4
00:24:04, 3
00:24:05, 1
00:24:06, 8
00:24:07, 6
00:24:08, 4
00:24:09, 5
00:24:10, 6
00:24:11, 5
00:24:12, 9
00:24:13, 9
00:24:14, 8
00:24:15, 6
00:24:16, 10
00:24:17, 7
00:24:18, 6
00:24:19, 7
00:24:20, 8
00:24:21, 9
00:24:22, 7
00:24:23, 11
00:24:24, 8
00:24:25, 7
00:24:26, 7
00:24:27, 8
00:24:28, 6
00:24:29, 7
00:24:30, 7
00:24:31, 8
00:24:32, 7
00:24:33, 5
00:24:34, 6
00:24:35, 6
00:24:36, 4
00:24:37, 2
00:24:38, 11
00:24:39, 8
00:24:40, 5
00:24:41, 9
00:24:42, 6
00:24:43, 6
00:24:44, 4
00:24:45, 8
00:24:46, 13
00:24:47, 9
00:24:48, 9
00:24:49, 13
00:24:50, 14
00:24:51, 15
00:24:52, 11
00:24:53, 11
00:24:54, 12
00:24:55, 8
00:24:56, 7
00:24:57, 9
00:24:58, 11
00:24:59, 14
00:25:00, 10
00:25:01, 6
00:25:02, 5
00:25:03, 10
00:25:04, 7
00:25:05, 4
00:25:06, 8
00:25:07, 5
00:25:08, 6
00:25:09, 8
00:25:10, 10
00:25:11, 6
00:25:12, 10
00:25:13, 10
00:25:14, 14
00:25:15, 9
00:25:16, 7
00:25:17, 7
00:25:18, 5
00:25:19, 7
00:25:20, 8
00:25:21, 6
00:25:22, 12
00:25:23, 12
00:25:24, 9
00:25:25, 14
00:25:26, 10
00:25:27, 7
00:25:28, 4
00:25:29, 2
00:25:30, 4
00:25:31, 8
00:25:32, 6
00:25:33, 10
00:25:34, 7
00:25:35, 4
00:25:36, 10
00:25:37, 10
00:25:38, 13
00:25:39, 9
00:25:40, 5
00:25:41, 7
00:25:42, 8
00:25:43, 5
00:25:44, 6
00:25:45, 8
00:25:46, 5
00:25:47, 8
00:25:48, 9
00:25:49, 7
00:25:50, 9
00:25:51, 6
00:25:52, 8
00:25:53, 5
00:25:54, 8
00:25:55, 9
00:25:56, 6
00:25:57, 3
00:25:58, 9
00:25:59, 9
00:26:00, 6
00:26:01, 6
00:26:02, 13
00:26:03, 13
00:26:04, 12
00:26:05, 13
00:26:06, 8
00:26:07, 12
00:26:08, 13
00:26:09, 8
00:26:10, 9
00:26:11, 13
00:26:12, 15
00:26:13, 11
00:26:14, 8
00:26:15, 7
00:26:16, 14
00:26:17, 12
00:26:18, 10
00:26:19, 14
00:26:20, 15
00:26:21, 11
00:26:22, 11
00:26:23, 12
00:26:24, 14
00:26:25, 13
00:26:26, 13
00:26:27, 8
00:26:28, 8
00:26:29, 10
00:26:30, 11
00:26:31, 9
00:26:32, 12
00:26:33, 13
00:26:34, 14
00:26:35, 9
00:26:36, 10
00:26:37, 9
00:26:38, 15
00:26:39, 13
00:26:40, 14
00:26:41, 9
00:26:42, 15
00:26:43, 12
00:26:44, 9
00:26:45, 7
00:26:46, 12
00:26:47, 7
00:26:48, 6
00:26:49, 11
00:26:50, 11
00:26:51, 7
00:26:52, 4
00:26:53, 12
00:26:54, 14
00:26:55, 14
00:26:56, 10
00:26:57, 15
00:26:58, 13
00:26:59, 8
00:27:00, 7
00:27:01, 11
00:27:02, 15
00:27:03, 13
00:27:04, 8
00:27:05, 9
00:27:06, 12
00:27:07, 10
00:27:08, 8
00:27:09, 9
00:27:10, 9
00:27:11, 6
00:27:12, 3
00:27:13, 4
00:27:14, 11
00:27:15, 8
00:27:16, 6
00:27:17, 10
00:27:18, 7
00:27:19, 13
00:27:20, 10
00:27:21, 11
00:27:22, 7
00:27:23, 14
00:27:24, 10
00:27:25, 15
00:27:26, 11
00:27:27, 8
00:27:28, 9
00:27:29, 9
00:27:30, 12
00:27:31, 11
00:27:32, 10
00:27:33, 7
00:27:34, 12
00:27:35, 15
00:27:36, 11
00:27:37, 13
00:27:38, 15
00:27:39, 13
00:27:40, 9
00:27:41, 5
00:27:42, 8
00:27:43, 9
00:27:44, 6
00:27:45, 12
00:27:46, 9
00:27:47, 11
00:27:48, 9
00:27:49, 14
00:27:50, 13
00:27:51, 14
00:27:52, 13
00:27:53, 9
00:27:54, 12
00:27:55, 9
00:27:56, 7
00:27:57, 9
00:27:58, 9
00:27:59, 7
00:28:00, 14
00:28:01, 15
00:28:02, 14
00:28:03, 11
00:28:04, 11
00:28:05, 8
00:28:06, 8
00:28:07, 13
00:28:08, 10
00:28:09, 8
00:28:10, 15
00:28:11, 12
00:28:12, 15
00:28:13, 11
00:28:14, 15
00:28:15, 12
00:28:16, 15
00:28:17, 14
00:28:18, 10
00:28:19, 10
00:28:20, 13
00:28:21, 9
00:28:22, 12
00:28:23, 8
00:28:24, 9
00:28:25, 11
00:28:26, 7
00:28:27, 10
00:28:28, 7
00:28:29, 15
00:28:30, 15
00:28:31, 13
00:28:32, 12
00:28:33, 13
00:28:34, 11
00:28:35, 11
00:28:36, 14
00:28:37, 11
00:28:38, 15
00:28:39, 13
00:28:40, 14
00:28:41, 15
00:28:42, 12
00:28:43, 8
00:28:44, 13
00:28:45, 13
00:28:46, 13
00:28:47, 11
00:28:48, 6
00:28:49, 6
00:28:50, 12
00:28:51, 9
00:28:52, 8
00:28:53, 6
00:28:54, 3
00:28:55, 8
00:28:56, 6
00:28:57, 5
00:28:58, 7
00:28:59, 5
00:29:00, 4
00:29:01, 8
00:29:02, 9
00:29:03, 6
00:29:04, 4
00:29:05, 2
00:29:06, 8
00:29:07, 6
00:29:08, 4
00:29:09, 6
00:29:10, 6
00:29:11, 4
00:29:12, 6
00:29:13, 6
00:29:14, 4
00:29:15, 2
00:29:16, 8
00:29:17, 8
00:29:18, 5
00:29:19, 6
00:29:20, 4
00:29:21, 6
00:29:22, 8
00:29:23, 6
00:29:24, 4
00:29:25, 10
00:29:26, 7
00:29:27, 4
00:29:28, 2
00:29:29, 3
00:29:30, 13
00:29:31, 10
00:29:32, 8
00:29:33, 6
00:29:34, 4
00:29:35, 4
00:29:36, 7
00:29:37, 4
00:29:38, 5
00:29:39, 7
00:29:40, 8
00:29:41, 10
00:29:42, 14
00:29:43, 15
00:29:44, 14
00:29:45, 10
00:29:46, 11
00:29:47, 10
00:29:48, 15
00:29:49, 12
00:29:50, 12
00:29:51, 10
00:29:52, 7
00:29:53, 5
00:29:54, 9
00:29:55, 9
00:29:56, 5
00:29:57, 15
00:29:58, 11
00:29:59, 7
00:30:00, 7
00:30:01, 7
00:30:02, 6
00:30:03, 9
00:30:04, 9
00:30:05, 11
00:30:06, 15
00:30:07, 11
00:30:08, 14
00:30:09, 13
00:30:10, 15
00:30:11, 15
00:30:12, 13
00:30:13, 13
00:30:14, 14
00:30:15, 9
00:30:16, 10
00:30:17, 14
00:30:18, 10
00:30:19, 10
00:30:20, 14
00:30:21, 15
00:30:22, 15
00:30:23, 14
00:30:24, 15
00:30:25, 15
00:30:26, 15
00:30:27, 13
00:30:28, 15
00:30:29, 13
00:30:30, 12
00:30:31, 9
00:30:32, 8
00:30:33, 8
00:30:34, 12
00:30:35, 9
00:30:36, 13
00:30:37, 14
00:30:38, 11
00:30:39, 8
00:30:40, 5
00:30:41, 4
00:30:42, 2
00:30:43, 6
00:30:44, 4
00:30:45, 3
00:30:46, 0
00:30:47, 0
00:30:48, 0
00:30:49, 3
00:30:50, 2
00:30:51, 1
00:30:52, 0
00:30:53, 0
00:30:54, 5
00:30:55, 4
00:30:56, 3
00:30:57, 2
00:30:58, 6
00:30:59, 7
00:31:00, 5
00:31:01, 7
00:31:02, 6
00:31:03, 8
00:31:04, 5
00:31:05, 12
00:31:06, 9
00:31:07, 6
00:31:08, 5
00:31:09, 13
00:31:10, 15
00:31:11, 11
00:31:12, 8
00:31:13, 10
00:31:14, 9
00:31:15, 5
00:31:16, 9
00:31:17, 10
00:31:18, 7
00:31:19, 9
00:31:20, 10
00:31:21, 9
00:31:22, 8
00:31:23, 5
00:31:24, 14
00:31:25, 15
00:31:26, 15
00:31:27, 10
00:31:28, 8
00:31:29, 6
00:31:30, 13
00:31:31, 9
00:31:32, 7
00:31:33, 13
00:31:34, 11
00:31:35, 8
00:31:36, 6
00:31:37, 7
00:31:38, 15
00:31:39, 11
00:31:40, 7
00:31:41, 8
00:31:42, 6
00:31:43, 10
00:31:44, 10
00:31:45, 10
00:31:46, 10
00:31:47, 13
00:31:48, 15
00:31:49, 15
00:31:50, 10
00:31:51, 13
00:31:52, 10
00:31:53, 15
00:31:54, 13
00:31:55, 14
00:31:56, 13
00:31:57, 12
00:31:58, 13
00:31:59, 13
00:32:00, 14
00:32:01, 9
00:32:02, 13
00:32:03, 13
00:32:04, 12
00:32:05, 15
00:32:06, 14
00:32:07, 13
00:32:08, 12
00:32:09, 12
00:32:10, 7
00:32:11, 9
00:32:12, 6
00:32:13, 3
00:32:14, 5
00:32:15, 3
00:32:16, 9
00:32:17, 9
00:32:18, 6
00:32:19, 3
00:32:20, 11
00:32:21, 8
00:32:22, 5
00:32:23, 2
00:32:24, 10
00:32:25, 11
00:32:26, 8
00:32:27, 8
00:32:28, 4
00:32:29, 10
00:32:30, 11
00:32:31, 11
00:32:32, 7
00:32:33, 4
00:32:34, 12
00:32:35, 13
00:32:36, 10
00:32:37, 7
00:32:38, 4
00:32:39, 8
00:32:40, 9
00:32:41, 7
00:32:42, 5
00:32:43, 7
00:32:44, 8
00:32:45, 15
00:32:46, 14
00:32:47, 11
00:32:48, 14
00:32:49, 11
00:32:50, 14
00:32:51, 13
00:32:52, 13
00:32:53, 14
00:32:54, 12
00:32:55, 11
00:32:56, 11
00:32:57, 15
00:32:58, 15
00:32:59, 15
00:33:00, 15
00:33:01, 13
00:33:02, 14
00:33:03, 11
00:33:04, 12
00:33:05, 12
00:33:06, 15
00:33:07, 9
00:33:08, 12
00:33:09, 12
00:33:10, 11
00:33:11, 7
00:33:12, 4
00:33:13, 3
00:33:14, 10
00:33:15, 7
00:33:16, 9
00:33:17, 10
00:33:18, 13
00:33:19, 13
00:33:20, 9
00:33:21, 12
00:33:22, 12
00:33:23, 12
00:33:24, 13
00:33:25, 10
00:33:26, 13
00:33:27, 9
00:33:28, 9
00:33:29, 12
00:33:30, 13
00:33:31, 9
00:33:32, 8
00:33:33, 5
00:33:34, 6
00:33:35, 5
00:33:36, 7
00:33:37, 9
00:33:38, 11
00:33:39, 8
00:33:40, 7
00:33:41, 9
00:33:42, 5
00:33:43, 14
00:33:44, 13
00:33:45, 13
00:33:46, 15
00:33:47, 11
00:33:48, 14
00:33:49, 14
00:33:50, 12
00:33:51, 11
00:33:52, 13
00:33:53, 14
00:33:54, 12
00:33:55, 11
00:33:56, 12
00:33:57, 14
00:33:58, 13
00:33:59, 11
00:34:00, 12
00:34:01, 13
00:34:02, 11
00:34:03, 15
00:34:04, 10
00:34:05, 11
00:34:06, 10
00:34:07, 10
00:34:08, 10
00:34:09, 11
00:34:10, 15
00:34:11, 11
00:34:12, 9
00:34:13, 6
00:34:14, 14
00:34:15, 11
00:34:16, 8
00:34:17, 7
00:34:18, 13
00:34:19, 10
00:34:20, 12
00:34:21, 12
00:34:22, 13
00:34:23, 9
00:34:24, 6
00:34:25, 11
00:34:26, 15
00:34:27, 11
00:34:28, 14
00:34:29, 11
00:34:30, 13
00:34:31, 9
00:34:32, 10
00:34:33, 11
00:34:34, 7
00:34:35, 8
00:34:36, 8
00:34:37, 6
00:34:38, 8
00:34:39, 8
00:34:40, 9
00:34:41, 12
00:34:42, 8
00:34:43, 6
00:34:44, 15
00:34:45, 14
00:34:46, 11
00:34:47, 13
00:34:48, 14
00:34:49, 10
00:34:50, 7
00:34:51, 12
00:34:52, 13
00:34:53, 10
00:34:54, 10
00:34:55, 14
00:34:56, 10
00:34:57, 11
00:34:58, 10
00:34:59, 9
00:35:00, 9
00:35:01, 9
00:35:02, 11
00:35:03, 10
00:35:04, 10
00:35:05, 11
00:35:06, 11
00:35:07, 13
00:35:08, 12
00:35:09, 10
00:35:10, 11
00:35:11, 15
00:35:12, 10
00:35:13, 6
00:35:14, 8
00:35:15, 8
00:35:16, 15
00:35:17, 11
00:35:18, 11
00:35:19, 12
00:35:20, 8
00:35:21, 7
00:35:22, 8
00:35:23, 15
00:35:24, 14
00:35:25, 12
00:35:26, 15
00:35:27, 13
00:35:28, 10
00:35:29, 13
00:35:30, 9
00:35:31, 12
00:35:32, 12
00:35:33, 12
00:35:34, 12
00:35:35, 13
00:35:36, 11
00:35:37, 15
00:35:38, 10
00:35:39, 5
00:35:40, 2
00:35:41, 6
00:35:42, 5
00:35:43, 6
00:35:44, 4
00:35:45, 7
00:35:46, 4
00:35:47, 3
00:35:48, 3
00:35:49, 7
00:35:50, 5
00:35:51, 4
00:35:52, 3
00:35:53, 4
00:35:54, 2
00:35:55, 1
00:35:56, 7
00:35:57, 5
00:35:58, 3
00:35:59, 2
00:36:00, 1
00:36:01, 9
00:36:02, 7
00:36:03, 5
00:36:04, 8
00:36:05, 6
00:36:06, 6
00:36:07, 9
00:36:08, 9
00:36:09, 7
00:36:10, 9
00:36:11, 8
00:36:12, 5
00:36:13, 6
00:36:14, 3
00:36:15, 6
00:36:16, 4
00:36:17, 7
00:36:18, 4
00:36:19, 1
00:36:20, 2
00:36:21, 1
00:36:22, 4
00:36:23, 3
00:36:24, 2
00:36:25, 1
00:36:26, 6
00:36:27, 4
00:36:28, 7
00:36:29, 5
00:36:30, 10
00:36:31, 7
00:36:32, 4
00:36:33, 6
00:36:34, 9
00:36:35, 10
00:36:36, 7
00:36:37, 4
00:36:38, 1
00:36:39, 0
00:36:40, 3
00:36:41, 2
00:36:42, 1
00:36:43, 5
00:36:44, 3
00:36:45, 3
00:36:46, 5
00:36:47, 5
00:36:48, 3
00:36:49, 5
00:36:50, 11
00:36:51, 8
00:36:52, 5
00:36:53, 2
00:36:54, 6
00:36:55, 8
00:36:56, 6
00:36:57, 4
00:36:58, 4
00:36:59, 9
00:37:00, 11
00:37:01, 8
00:37:02, 9
00:37:03, 12
00:37:04, 8
00:37:05, 8
00:37:06, 10
00:37:07, 6
00:37:08, 4
00:37:09, 1
00:37:10, 6
00:37:11, 4
00:37:12, 2
00:37:13, 7
00:37:14, 6
00:37:15, 7
00:37:16, 5
00:37:17, 5
00:37:18, 3
00:37:19, 4
00:37:20, 5
00:37:21, 3
00:37:22, 1
00:37:23, 0
00:37:24, 4
00:37:25, 3
00:37:26, 2
00:37:27, 1
00:37:28, 7
00:37:29, 5
00:37:30, 3
00:37:31, 9
00:37:32, 7
00:37:33, 6
00:37:34, 4
00:37:35, 4
00:37:36, 5
00:37:37, 3
00:37:38, 2
00:37:39, 12
00:37:40, 9
00:37:41, 8
00:37:42, 5
00:37:43, 11
00:37:44, 13
00:37:45, 9
00:37:46, 6
00:37:47, 11
00:37:48, 8
00:37:49, 9
00:37:50, 6
00:37:51, 12
00:37:52, 9
00:37:53, 14
00:37:54, 15
00:37:55, 12
00:37:56, 15
00:37:57, 15
00:37:58, 12
00:37:59, 13
00:38:00, 15
00:38:01, 10
00:38:02, 14
00:38:03, 9
00:38:04, 12
00:38:05, 15
00:38:06, 12
00:38:07, 14
00:38:08, 10
00:38:09, 11
00:38:10, 13
00:38:11, 9
00:38:12, 12
00:38:13, 11
00:38:14, 12
00:38:15, 14
00:38:16, 13
00:38:17, 14
00:38:18, 10
00:38:19, 15
00:38:20, 10
00:38:21, 14
00:38:22, 11
00:38:23, 10
00:38:24, 11
00:38:25, 8
00:38:26, 8
00:38:27, 13
00:38:28, 14
00:38:29, 11
00:38:30, 15
00:38:31, 11
00:38:32, 11
00:38:33, 12
00:38:34, 8
00:38:35, 11
00:38:36, 8
00:38:37, 15
00:38:38, 12
00:38:39, 12
00:38:40, 13
00:38:41, 12
00:38:42, 10
00:38:43, 12
00:38:44, 12
00:38:45, 9
00:38:46, 10
00:38:47, 9
00:38:48, 15
00:38:49, 13
00:38:50, 13
00:38:51, 12
00:38:52, 14
00:38:53, 12
00:38:54, 13
00:38:55, 15
00:38:56, 12
00:38:57, 13
00:38:58, 10
00:38:59, 13
00:39:00, 14
00:39:01, 15
00:39:02, 10
00:39:03, 11
00:39:04, 15
00:39:05, 14
00:39:06, 10
00:39:07, 12
00:39:08, 15
00:39:09, 13
00:39:10, 9
00:39:11, 13
00:39:12, 9
00:39:13, 15
00:39:14, 14
00:39:15, 10
00:39:16, 13
00:39:17, 14
00:39:18, 15
00:39:19, 11
00:39:20, 10
00:39:21, 15
00:39:22, 13
00:39:23, 15
00:39:24, 15
00:39:25, 11
00:39:26, 14
00:39:27, 10
00:39:28, 12
00:39:29, 14
00:39:30, 11
00:39:31, 7
00:39:32, 7
00:39:33, 7
00:39:34, 3
00:39:35, 9
00:39:36, 13
00:39:37, 11
00:39:38, 14
00:39:39, 11
00:39:40, 8
00:39:41, 9
00:39:42, 7
00:39:43, 7
00:39:44, 6
00:39:45, 9
00:39:46, 7
00:39:47, 7
00:39:48, 14
00:39:49, 15
00:39:50, 13
00:39:51, 9
00:39:52, 10
00:39:53, 7
00:39:54, 10
00:39:55, 7
00:39:56, 4
00:39:57, 6
00:39:58, 7
00:39:59, 11
00:40:00, 8
00:40:01, 6
00:40:02, 7
00:40:03, 6
00:40:04, 3
00:40:05, 9
00:40:06, 9
00:40:07, 7
00:40:08, 10
00:40:09, 8
00:40:10, 11
00:40:11, 8
00:40:12, 5
00:40:13, 7
00:40:14, 10
00:40:15, 12
00:40:16, 9
00:40:17, 6
00:40:18, 6
00:40:19, 3
00:40:20, 5
00:40:21, 7
00:40:22, 11
00:40:23, 8
00:40:24, 5
00:40:25, 6
00:40:26, 4
00:40:27, 3
00:40:28, 13
00:40:29, 11
00:40:30, 9
00:40:31, 11
00:40:32, 8
00:40:33, 6
00:40:34, 12
00:40:35, 10
00:40:36, 14
00:40:37, 11
00:40:38, 13
00:40:39, 9
00:40:40, 6
00:40:41, 10
00:40:42, 14
00:40:43, 10
00:40:44, 9
00:40:45, 13
00:40:46, 9
00:40:47, 7
00:40:48, 13
00:40:49, 10
00:40:50, 10
00:40:51, 10
00:40:52, 11
00:40:53, 7
00:40:54, 9
00:40:55, 13
00:40:56, 13
00:40:57, 9
00:40:58, 6
00:40:59, 7
00:41:00, 8
00:41:01, 15
00:41:02, 15
00:41:03, 12
00:41:04, 13
00:41:05, 15
00:41:06, 12
00:41:07, 14
00:41:08, 11
00:41:09, 10
00:41:10, 6
00:41:11, 3
00:41:12, 12
00:41:13, 9
00:41:14, 7
00:41:15, 14
00:41:16, 12
00:41:17, 10
00:41:18, 8
00:41:19, 14
00:41:20, 11
00:41:21, 15
00:41:22, 12
00:41:23, 15
00:41:24, 11
00:41:25, 13
00:41:26, 9
00:41:27, 13
00:41:28, 8
00:41:29, 12
00:41:30, 11
00:41:31, 11
00:41:32, 6
00:41:33, 9
00:41:34, 10
00:41:35, 7
00:41:36, 5
00:41:37, 5
00:41:38, 10
00:41:39, 7
00:41:40, 12
00:41:41, 8
00:41:42, 5
00:41:43, 5
00:41:44, 7
00:41:45, 11
00:41:46, 11
00:41:47, 8
00:41:48, 11
00:41:49, 9
00:41:50, 5
00:41:51, 10
00:41:52, 11
00:41:53, 8
00:41:54, 7
00:41:55, 7
00:41:56, 6
00:41:57, 6
00:41:58, 9
00:41:59, 14
00:42:00, 14
00:42:01, 10
00:42:02, 11
00:42:03, 12
00:42:04, 9
00:42:05, 8
00:42:06, 10
00:42:07, 11
00:42:08, 9
00:42:09, 8
00:42:10, 8
00:42:11, 9
00:42:12, 6
00:42:13, 4
00:42:14, 4
00:42:15, 2
00:42:16, 4
00:42:17, 3
00:42:18, 6
00:42:19, 4
00:42:20, 2
00:42:21, 1
00:42:22, 6
00:42:23, 4
00:42:24, 2
00:42:25, 14
00:42:26, 11
00:42:27, 12
00:42:28, 9
00:42:29, 6
00:42:30, 12
00:42:31, 8
00:42:32, 10
00:42:33, 7
00:42:34, 14
00:42:35, 14
00:42:36, 10
00:42:37, 7
00:42:38, 6
00:42:39, 12
00:42:40, 13
00:42:41, 13
00:42:42, 10
00:42:43, 11
00:42:44, 12
00:42:45, 14
00:42:46, 10
00:42:47, 15
00:42:48, 12
00:42:49, 12
00:42:50, 13
00:42:51, 9
00:42:52, 6
00:42:53, 8
00:42:54, 10
00:42:55, 15
00:42:56, 11
00:42:57, 12
00:42:58, 10
00:42:59, 15
00:43:00, 10
00:43:01, 8
00:43:02, 8
00:43:03, 15
00:43:04, 15
00:43:05, 11
00:43:06, 11
00:43:07, 8
00:43:08, 5
00:43:09, 11
00:43:10, 8
00:43:11, 13
00:43:12, 9
00:43:13, 5
00:43:14, 3
00:43:15, 14
00:43:16, 11
00:43:17, 10
00:43:18, 15
00:43:19, 11
00:43:20, 13
00:43:21, 10
00:43:22, 12
00:43:23, 13
00:43:24, 9
00:43:25, 15
00:43:26, 15
00:43:27, 15
00:43:28, 12
00:43:29, 12
00:43:30, 13
00:43:31, 14
00:43:32, 11
00:43:33, 15
00:43:34, 15
00:43:35, 13
00:43:36, 15
00:43:37, 13
00:43:38, 11
00:43:39, 10
00:43:40, 6
00:43:41, 13
00:43:42, 12
00:43:43, 13
00:43:44, 15
00:43:45, 12
00:43:46, 9
00:43:47, 12
00:43:48, 8
00:43:49, 5
00:43:50, 7
00:43:51, 9
00:43:52, 6
00:43:53, 3
00:43:54, 6
00:43:55, 12
00:43:56, 9
00:43:57, 6
00:43:58, 4
00:43:59, 4
00:44:00, 7
00:44:01, 7
00:44:02, 5
00:44:03, 12
00:44:04, 8
00:44:05, 7
00:44:06, 4
00:44:07, 1
00:44:08, 3
00:44:09, 1
00:44:10, 5
00:44:11, 10
00:44:12, 8
00:44:13, 6
00:44:14, 5
00:44:15, 10
00:44:16, 7
00:44:17, 7
00:44:18, 5
00:44:19, 8
00:44:20, 9
00:44:21, 6
00:44:22, 8
00:44:23, 5
00:44:24, 10
00:44:25, 11
00:44:26, 7
00:44:27, 4
00:44:28, 2
00:44:29, 7
00:44:30, 8
00:44:31, 9
00:44:32, 6
00:44:33, 12
00:44:34, 15
00:44:35, 14
00:44:36, 14
00:44:37, 14
00:44:38, 13
00:44:39, 14
00:44:40, 10
00:44:41, 12
00:44:42, 10
00:44:43, 11
00:44:44, 13
00:44:45, 15
00:44:46, 10
00:44:47, 13
00:44:48, 9
00:44:49, 10
00:44:50, 10
00:44:51, 13
00:44:52, 11
00:44:53, 9
00:44:54, 15
00:44:55, 11
00:44:56, 11
00:44:57, 11
00:44:58, 8
00:44:59, 13
00:45:00, 12
00:45:01, 8
00:45:02, 15
00:45:03, 12
00:45:04, 14
00:45:05, 11
00:45:06, 15
00:45:07, 15
00:45:08, 10
00:45:09, 9
00:45:10, 13
00:45:11, 8
00:45:12, 5
00:45:13, 12
00:45:14, 10
00:45:15, 6
00:45:16, 5
00:45:17, 6
00:45:18, 7
00:45:19, 5
00:45:20, 3
00:45:21, 2
00:45:22, 3
00:45:23, 5
00:45:24, 8
00:45:25, 6
00:45:26, 5
00:45:27, 4
00:45:28, 2
00:45:29, 14
00:45:30, 14
00:45:31, 11
00:45:32, 12
00:45:33, 12
00:45:34, 9
00:45:35, 6
00:45:36, 13
00:45:37, 15
00:45:38, 12
00:45:39, 11
00:45:40, 13
00:45:41, 13
00:45:42, 10
00:45:43, 11
00:45:44, 14
00:45:45, 13
00:45:46, 12
00:45:47, 12
00:45:48, 13
00:45:49, 8
00:45:50, 13
00:45:51, 14
00:45:52, 11
00:45:53, 8
00:45:54, 15
00:45:55, 12
00:45:56, 10
00:45:57, 15
00:45:58, 12
00:45:59, 14
00:46:00, 15
00:46:01, 11
00:46:02, 10
00:46:03, 13
00:46:04, 13
00:46:05, 11
00:46:06, 12
00:46:07, 10
00:46:08, 6
00:46:09, 9
00:46:10, 8
00:46:11, 9
00:46:12, 6
00:46:13, 8
00:46:14, 4
00:46:15, 6
00:46:16, 4
00:46:17, 7
00:46:18, 5
00:46:19, 3
00:46:20, 4
00:46:21, 8
00:46:22, 11
00:46:23, 12
00:46:24, 9
00:46:25, 10
00:46:26, 6
00:46:27, 11
00:46:28, 7
00:46:29, 11
00:46:30, 6
00:46:31, 10
00:46:32, 13
00:46:33, 15
00:46:34, 10
00:46:35, 14
00:46:36, 12
00:46:37, 12
00:46:38, 11
00:46:39, 12
00:46:40, 11
00:46:41, 10
00:46:42, 10
00:46:43, 8
00:46:44, 13
00:46:45, 11
00:46:46, 14
00:46:47, 10
00:46:48, 10
00:46:49, 14
00:46:50, 10
00:46:51, 12
00:46:52, 12
00:46:53, 9
00:46:54, 6
00:46:55, 5
00:46:56, 7
00:46:57, 9
00:46:58, 7
00:46:59, 9
00:47:00, 6
00:47:01, 3
00:47:02, 5
00:47:03, 10
00:47:04, 7
00:47:05, 4
00:47:06, 14
00:47:07, 14
00:47:08, 10
00:47:09, 6
00:47:10, 10
00:47:11, 15
00:47:12, 12
00:47:13, 14
00:47:14, 13
00:47:15, 11
00:47:16, 6
00:47:17, 10
00:47:18, 14
00:47:19, 9
00:47:20, 10
00:47:21, 7
00:47:22, 4
00:47:23, 7
00:47:24, 5
00:47:25, 7
00:47:26, 5
00:47:27, 3
00:47:28, 7
00:47:29, 9
00:47:30, 12
00:47:31, 9
00:47:32, 7
00:47:33, 9
00:47:34, 10
00:47:35, 7
00:47:36, 8
00:47:37, 11
00:47:38, 11
00:47:39, 7
00:47:40, 6
00:47:41, 6
00:47:42, 6
00:47:43, 5
00:47:44, 6
00:47:45, 15
00:47:46, 11
00:47:47, 8
00:47:48, 8
00:47:49, 9
00:47:50, 6
00:47:51, 3
00:47:52, 8
00:47:53, 14
00:47:54, 11
00:47:55, 8
00:47:56, 9
00:47:57, 6
00:47:58, 3
00:47:59, 7
00:48:00, 11
00:48:01, 9
00:48:02, 7
00:48:03, 5
00:48:04, 9
00:48:05, 8
00:48:06, 10
00:48:07, 7
00:48:08, 5
00:48:09, 4
00:48:10, 7
00:48:11, 8
00:48:12, 5
00:48:13, 7
00:48:14, 8
00:48:15, 5
00:48:16, 3
00:48:17, 4
00:48:18, 6
00:48:19, 6
00:48:20, 4
00:48:21, 6
00:48:22, 9
00:48:23, 9
00:48:24, 6
00:48:25, 4
00:48:26, 14
00:48:27, 11
00:48:28, 14
00:48:29, 11
00:48:30, 15
00:48:31, 11
00:48:32, 15
00:48:33, 11
00:48:34, 15
00:48:35, 15
00:48:36, 14
00:48:37, 10
00:48:38, 6
00:48:39, 6
00:48:40, 5
00:48:41, 9
00:48:42, 10
00:48:43, 7
00:48:44, 4
00:48:45, 4
00:48:46, 5
00:48:47, 3
00:48:48, 6
00:48:49, 4
00:48:50, 4
00:48:51, 2
00:48:52, 9
00:48:53, 7
00:48:54, 5
00:48:55, 3
00:48:56, 2
00:48:57, 3
00:48:58, 6
00:48:59, 4
00:49:00, 6
00:49:01, 4
00:49:02, 2
00:49:03, 7
00:49:04, 4
00:49:05, 3
00:49:06, 4
00:49:07, 1
00:49:08, 0
00:49:09, 0
00:49:10, 5
00:49:11, 4
00:49:12, 3
00:49:13, 2
00:49:14, 2
00:49:15, 8
00:49:16, 6
00:49:17, 4
00:49:18, 11
00:49:19, 8
00:49:20, 10
00:49:21, 7
00:49:22, 4
00:49:23, 8
00:49:24, 9
00:49:25, 11
00:49:26, 8
00:49:27, 13
00:49:28, 9
00:49:29, 7
00:49:30, 12
00:49:31, 9
00:49:32, 8
00:49:33, 5
00:49:34, 9
00:49:35, 13
00:49:36, 9
00:49:37, 7
00:49:38, 15
00:49:39, 14
00:49:40, 12
00:49:41, 15
00:49:42, 14
00:49:43, 9
00:49:44, 9
00:49:45, 7
00:49:46, 9
00:49:47, 8
00:49:48, 9
00:49:49, 12
00:49:50, 11
00:49:51, 7
00:49:52, 4
00:49:53, 14
00:49:54, 14
00:49:55, 11
00:49:56, 10
00:49:57, 9
00:49:58, 13
00:49:59, 9
00:50:00, 9
00:50:01, 15
00:50:02, 10
00:50:03, 8
00:50:04, 4
00:50:05, 2
00:50:06, 6
00:50:07, 4
00:50:08, 2
00:50:09, 14
00:50:10, 11
00:50:11, 8
00:50:12, 13
00:50:13, 10
00:50:14, 7
00:50:15, 10
00:50:16, 10
00:50:17, 7
00:50:18, 9
00:50:19, 14
00:50:20, 15
00:50:21, 11
00:50:22, 7
00:50:23, 12
00:50:24, 8
00:50:25, 5
00:50:26, 5
00:50:27, 10
00:50:28, 8
00:50:29, 6
00:50:30, 5
00:50:31, 4
00:50:32, 2
00:50:33, 1
00:50:34, 6
00:50:35, 4
00:50:36, 2
00:50:37, 5
00:50:38, 3
00:50:39, 5
00:50:40, 3
00:50:41, 3
00:50:42, 8
00:50:43, 5
00:50:44, 3
00:50:45, 5
00:50:46, 4
00:50:47, 8
00:50:48, 6
00:50:49, 14
00:50:50, 11
00:50:51, 8
00:50:52, 5
00:50:53, 10
00:50:54, 7
00:50:55, 6
00:50:56, 7
00:50:57, 5
00:50:58, 7
00:50:59, 4
00:51:00, 7
00:51:01, 5
00:51:02, 3
00:51:03, 2
00:51:04, 6
00:51:05, 7
00:51:06, 5
00:51:07, 6
00:51:08, 8
00:51:09, 11
00:51:10, 9
00:51:11, 7
00:51:12, 6
00:51:13, 7
00:51:14, 6
00:51:15, 6
00:51:16, 6
00:51:17, 9
00:51:18, 11
00:51:19, 8
00:51:20, 10
00:51:21, 7
00:51:22, 4
00:51:23, 5
00:51:24, 11
00:51:25, 8
00:51:26, 5
00:51:27, 2
00:51:28, 7
00:51:29, 4
00:51:30, 6
00:51:31, 10
00:51:32, 9
00:51:33, 12
00:51:34, 9
00:51:35, 11
00:51:36, 13
00:51:37, 12
00:51:38, 8
00:51:39, 7
00:51:40, 8
00:51:41, 9
00:51:42, 10
00:51:43, 7
00:51:44, 6
00:51:45, 3
00:51:46, 11
00:51:47, 13
00:51:48, 14
00:51:49, 11
00:51:50, 8
00:51:51, 11
00:51:52, 8
00:51:53, 14
00:51:54, 11
00:51:55, 8
00:51:56, 8
00:51:57, 7
00:51:58, 13
00:51:59, 10
00:52:00, 7
00:52:01, 4
00:52:02, 8
00:52:03, 4
00:52:04, 6
00:52:05, 13
00:52:06, 13
00:52:07, 9
00:52:08, 13
00:52:09, 14
00:52:10, 15
00:52:11, 10
00:52:12, 13
00:52:13, 13
00:52:14, 12
00:52:15, 13
00:52:16, 12
00:52:17, 10
00:52:18, 6
00:52:19, 9
00:52:20, 7
00:52:21, 3
00:52:22, 6
00:52:23, 4
00:52:24, 3
00:52:25, 2
00:52:26, 3
00:52:27, 5
00:52:28, 7
00:52:29, 9
00:52:30, 6
00:52:31, 7
00:52:32, 8
00:52:33, 12
00:52:34, 8
00:52:35, 7
00:52:36, 7
00:52:37, 5
00:52:38, 10
00:52:39, 7
00:52:40, 10
00:52:41, 7
00:52:42, 8
00:52:43, 9
00:52:44, 9
00:52:45, 6
00:52:46, 7
00:52:47, 8
00:52:48, 6
00:52:49, 6
00:52:50, 3
00:52:51, 10
00:52:52, 13
00:52:53, 10
00:52:54, 7
00:52:55, 4
00:52:56, 14
00:52:57, 15
00:52:58, 12
00:52:59, 9
00:53:00, 15
00:53:01, 11
00:53:02, 14
00:53:03, 14
00:53:04, 10
00:53:05, 11
00:53:06, 13
00:53:07, 13
00:53:08, 15
00:53:09, 14
00:53:10, 13
00:53:11, 15
00:53:12, 14
00:53:13, 12
00:53:14, 11
00:53:15, 15
00:53:16, 10
00:53:17, 14
00:53:18, 12
00:53:19, 12
00:53:20, 11
00:53:21, 12
00:53:22, 15
00:53:23, 11
00:53:24, 13
00:53:25, 13
00:53:26, 12
00:53:27, 13
00:53:28, 14
00:53:29, 10
00:53:30, 13
00:53:31, 13
00:53:32, 8
00:53:33, 15
00:53:34, 15
00:53:35, 11
00:53:36, 8
00:53:37, 10
00:53:38, 10
00:53:39, 8
00:53:40, 4
00:53:41, 12
00:53:42, 8
00:53:43, 11
00:53:44, 10
00:53:45, 6
00:53:46, 15
00:53:47, 13
00:53:48, 15
00:53:49, 12
00:53:50, 15
00:53:51, 11
00:53:52, 13
00:53:53, 10
00:53:54, 7
00:53:55, 5
00:53:56, 8
00:53:57, 5
00:53:58, 7
00:53:59, 8
00:54:00, 5
00:54:01, 3
00:54:02, 3
00:54:03, 1
00:54:04, 7
00:54:05, 5
00:54:06, 3
00:54:07, 4
00:54:08, 7
00:54:09, 5
00:54:10, 6
00:54:11, 4
00:54:12, 6
00:54:13, 7
00:54:14, 5
00:54:15, 4
00:54:16, 3
00:54:17, 1
00:54:18, 1
00:54:19, 7
00:54:20, 5
00:54:21, 3
00:54:22, 7
00:54:23, 8
00:54:24, 5
00:54:25, 10
00:54:26, 7
00:54:27, 8
00:54:28, 5
00:54:29, 12
00:54:30, 8
00:54:31, 4
00:54:32, 6
00:54:33, 3
00:54:34, 6
00:54:35, 4
00:54:36, 3
00:54:37, 6
00:54:38, 4
00:54:39, 6
00:54:40, 4
00:54:41, 6
00:54:42, 4
00:54:43, 7
00:54:44, 9
00:54:45, 9
00:54:46, 8
00:54:47, 5
00:54:48, 7
00:54:49, 15
00:54:50, 12
00:54:51, 13
00:54:52, 9
00:54:53, 10
00:54:54, 9
00:54:55, 14
00:54:56, 10
00:54:57, 12
00:54:58, 10
00:54:59, 8
00:55:00, 14
00:55:01, 11
00:55:02, 10
00:55:03, 7
00:55:04, 14
00:55:05, 12
00:55:06, 14
00:55:07, 11
00:55:08, 11
00:55:09, 9
00:55:10, 14
00:55:11, 14
00:55:12, 12
00:55:13, 12
00:55:14, 9
00:55:15, 7
00:55:16, 10
00:55:17, 6
00:55:18, 7
00:55:19, 7
00:55:20, 7
00:55:21, 14
00:55:22, 12
00:55:23, 11
00:55:24, 14
00:55:25, 15
00:55:26, 11
00:55:27, 14
00:55:28, 12
00:55:29, 13
00:55:30, 9
00:55:31, 7
00:55:32, 7
00:55:33, 4
00:55:34, 4
00:55:35, 6
00:55:36, 6
00:55:37, 8
00:55:38, 8
00:55:39, 12
00:55:40, 9
00:55:41, 11
00:55:42, 7
00:55:43, 8
00:55:44, 5
00:55:45, 4
00:55:46, 4
00:55:47, 5
00:55:48, 6
00:55:49, 7
00:55:50, 9
00:55:51, 6
00:55:52, 9
00:55:53, 8
00:55:54, 5
00:55:55, 8
00:55:56, 8
00:55:57, 8
00:55:58, 5
00:55:59, 8
00:56:00, 9
00:56:01, 6
00:56:02, 8
00:56:03, 8
00:56:04, 5
00:56:05, 12
00:56:06, 9
00:56:07, 12
00:56:08, 9
00:56:09, 6
00:56:10, 6
00:56:11, 8
00:56:12, 5
00:56:13, 11
00:56:14, 8
00:56:15, 10
00:56:16, 7
00:56:17, 5
00:56:18, 7
00:56:19, 5
00:56:20, 12
00:56:21, 9
00:56:22, 6
00:56:23, 5
00:56:24, 3
00:56:25, 13
00:56:26, 10
00:56:27, 7
00:56:28, 4
00:56:29, 6
00:56:30, 7
00:56:31, 5
00:56:32, 7
00:56:33, 7
00:56:34, 6
00:56:35, 3
00:56:36, 5
00:56:37, 6
00:56:38, 4
00:56:39, 5
00:56:40, 6
00:56:41, 4
00:56:42, 8
00:56:43, 10
00:56:44, 10
00:56:45, 7
00:56:46, 4
00:56:47, 8
00:56:48, 5
00:56:49, 4
00:56:50, 3
00:56:51, 6
00:56:52, 4
00:56:53, 2
00:56:54, 1
00:56:55, 2
00:56:56, 5
00:56:57, 8
00:56:58, 6
00:56:59, 8
00:57:00, 8
00:57:01, 5
00:57:02, 4
00:57:03, 12
00:57:04, 8
00:57:05, 5
00:57:06, 3
00:57:07, 13
00:57:08, 9
00:57:09, 6
00:57:10, 9
00:57:11, 10
00:57:12, 7
00:57:13, 4
00:57:14, 10
00:57:15, 12
00:57:16, 9
00:57:17, 12
00:57:18, 9
00:57:19, 10
00:57:20, 15
00:57:21, 11
00:57:22, 7
00:57:23, 8
00:57:24, 8
00:57:25, 5
00:57:26, 12
00:57:27, 9
00:57:28, 6
00:57:29, 6
00:57:30, 10
00:57:31, 10
00:57:32, 8
00:57:33, 9
00:57:34, 10
00:57:35, 14
00:57:36, 11
00:57:37, 10
00:57:38, 6
00:57:39, 9
00:57:40, 6
00:57:41, 4
00:57:42, 14
00:57:43, 11
00:57:44, 8
00:57:45, 8
00:57:46, 4
00:57:47, 3
00:57:48, 3
00:57:49, 8
00:57:50, 5
00:57:51, 7
00:57:52, 11
00:57:53, 8
00:57:54, 5
00:57:55, 7
00:57:56, 14
00:57:57, 15
00:57:58, 12
00:57:59, 9
00:58:00, 9
00:58:01, 14
00:58:02, 11
00:58:03, 12
00:58:04, 9
00:58:05, 13
00:58:06, 11
00:58:07, 10
00:58:08, 15
00:58:09, 13
00:58:10, 9
00:58:11, 10
00:58:12, 11
00:58:13, 8
00:58:14, 5
00:58:15, 6
00:58:16, 11
00:58:17, 10
00:58:18, 11
00:58:19, 8
00:58:20, 9
00:58:21, 6
00:58:22, 5
00:58:23, 2
00:58:24, 8
00:58:25, 6
00:58:26, 4
00:58:27, 10
00:58:28, 7
00:58:29, 5
00:58:30, 4
00:58:31, 9
00:58:32, 7
00:58:33, 5
00:58:34, 10
00:58:35, 11
00:58:36, 8
00:58:37, 6
00:58:38, 8
00:58:39, 9
00:58:40, 10
00:58:41, 12
00:58:42, 13
00:58:43, 9
00:58:44, 5
00:58:45, 6
00:58:46, 15
00:58:47, 11
00:58:48, 7
00:58:49, 10
00:58:50, 6
00:58:51, 5
00:58:52, 3
00:58:53, 7
00:58:54, 11
00:58:55, 14
00:58:56, 15
00:58:57, 11
00:58:58, 15
00:58:59, 11
00:59:00, 14
00:59:01, 15
00:59:02, 10
00:59:03, 11
00:59:04, 13
00:59:05, 14
00:59:06, 9
00:59:07, 8
00:59:08, 7
00:59:09, 4
00:59:10, 8
00:59:11, 8
00:59:12, 7
00:59:13, 8
00:59:14, 8
00:59:15, 6
00:59:16, 7
00:59:17, 4
00:59:18, 7
00:59:19, 8
00:59:20, 12
00:59:21, 9
00:59:22, 10
00:59:23, 14
00:59:24, 10
00:59:25, 6
00:59:26, 6
00:59:27, 12
00:59:28, 8
00:59:29, 4
00:59:30, 9
00:59:31, 10
00:59:32, 6
00:59:33, 3
00:59:34, 8
00:59:35, 6
00:59:36, 7
00:59:37, 4
00:59:38, 5
00:59:39, 8
00:59:40, 14
00:59:41, 11
00:59:42, 11
00:59:43, 12
00:59:44, 9
00:59:45, 9
00:59:46, 10
00:59:47, 6
00:59:48, 3
00:59:49, 4
00:59:50, 7
00:59:51, 6
00:59:52, 3
00:59:53, 7
00:59:54, 5
00:59:55, 5
00:59:56, 12
00:59:57, 14
00:59:58, 10
00:59:59, 7
01:00:00, 4
01:00:01, 9
01:00:02, 8
01:00:03, 5
01:00:04, 3
01:00:05, 5
01:00:06, 3
01:00:07, 1
01:00:08, 1
01:00:09, 0
01:00:10, 3
01:00:11, 2
01:00:12, 1
01:00:13, 0
01:00:14, 3
01:00:15, 2
01:00:16, 1
01:00:17, 4
01:00:18, 3
01:00:19, 5
01:00:20, 5
01:00:21, 9
01:00:22, 7
01:00:23, 5
01:00:24, 4
01:00:25, 9
01:00:26, 7
01:00:27, 5
01:00:28, 6
01:00:29, 7
01:00:30, 4
01:00:31, 4
01:00:32, 6
01:00:33, 8
01:00:34, 5
01:00:35, 3
01:00:36, 6
01:00:37, 4
01:00:38, 3
01:00:39, 2
01:00:40, 6
01:00:41, 7
01:00:42, 5
01:00:43, 3
01:00:44, 4
01:00:45, 2
01:00:46, 1
01:00:47, 2
01:00:48, 1
01:00:49, 5
01:00:50, 3
01:00:51, 4
01:00:52, 6
01:00:53, 4
01:00:54, 9
01:00:55, 6
01:00:56, 8
01:00:57, 9
01:00:58, 6
01:00:59, 3
01:01:00, 8
01:01:01, 7
01:01:02, 12
01:01:03, 10
01:01:04, 9
01:01:05, 11
01:01:06, 8
01:01:07, 10
01:01:08, 10
01:01:09, 13
01:01:10, 11
01:01:11, 13
01:01:12, 12
01:01:13, 9
01:01:14, 6
01:01:15, 3
01:01:16, 7
01:01:17, 4
01:01:18, 5
01:01:19, 9
01:01:20, 10
01:01:21, 7
01:01:22, 12
01:01:23, 11
01:01:24, 8
01:01:25, 9
01:01:26, 10
01:01:27, 11
01:01:28, 11
01:01:29, 7
01:01:30, 7
01:01:31, 11
01:01:32, 11
01:01:33, 7
01:01:34, 10
01:01:35, 14
01:01:36, 9
01:01:37, 9
01:01:38, 10
01:01:39, 14
01:01:40, 13
01:01:41, 9
01:01:42, 6
01:01:43, 7
01:01:44, 11
01:01:45, 8
01:01:46, 6
01:01:47, 8
01:01:48, 6
01:01:49, 5
01:01:50, 10
01:01:51, 11
01:01:52, 14
01:01:53, 10
01:01:54, 6
01:01:55, 9
01:01:56, 5
01:01:57, 11
01:01:58, 7
01:01:59, 8
01:02:00, 9
01:02:01, 6
01:02:02, 5
01:02:03, 3
01:02:04, 15
01:02:05, 11
01:02:06, 9
01:02:07, 12
01:02:08, 13
01:02:09, 10
01:02:10, 7
01:02:11, 10
01:02:12, 13
01:02:13, 9
01:02:14, 9
01:02:15, 6
01:02:16, 12
01:02:17, 12
01:02:18, 8
01:02:19, 14
01:02:20, 14
01:02:21, 11
01:02:22, 8
01:02:23, 6
01:02:24, 7
01:02:25, 14
01:02:26, 11
01:02:27, 10
01:02:28, 14
01:02:29, 15
01:02:30, 12
01:02:31, 13
01:02:32, 9
01:02:33, 7
01:02:34, 7
01:02:35, 11
01:02:36, 8
01:02:37, 6
01:02:38, 15
01:02:39, 12
01:02:40, 9
01:02:41, 9
01:02:42, 6
01:02:43, 9
01:02:44, 6
01:02:45, 10
01:02:46, 7
01:02:47, 14
01:02:48, 11
01:02:49, 10
01:02:50, 8
01:02:51, 12
01:02:52, 11
01:02:53, 10
01:02:54, 7
01:02:55, 7
01:02:56, 14
01:02:57, 14
01:02:58, 14
01:02:59, 11
01:03:00, 9
01:03:01, 8
01:03:02, 8
01:03:03, 8
01:03:04, 11
01:03:05, 9
01:03:06, 15
01:03:07, 14
01:03:08, 11
01:03:09, 13
01:03:10, 13
01:03:11, 14
01:03:12, 10
01:03:13, 6
01:03:14, 7
01:03:15, 11
01:03:16, 15
01:03:17, 11
01:03:18, 14
01:03:19, 15
01:03:20, 11
01:03:21, 12
01:03:22, 11
01:03:23, 9
01:03:24, 14
01:03:25, 15
01:03:26, 10
01:03:27, 13
01:03:28, 15
01:03:29, 15
01:03:30, 15
01:03:31, 15
01:03:32, 10
01:03:33, 14
01:03:34, 12
01:03:35, 9
01:03:36, 8
01:03:37, 9
01:03:38, 8
01:03:39, 10
01:03:40, 8
01:03:41, 10
01:03:42, 7
01:03:43, 5
01:03:44, 11
01:03:45, 9
01:03:46, 7
01:03:47, 8
01:03:48, 6
01:03:49, 4
01:03:50, 5
01:03:51, 5
01:03:52, 4
01:03:53, 6
01:03:54, 7
01:03:55, 5
01:03:56, 12
01:03:57, 13
01:03:58, 13
01:03:59, 10
01:04:00, 11
01:04:01, 11
01:04:02, 8
01:04:03, 5
01:04:04, 13
01:04:05, 12
01:04:06, 9
01:04:07, 11
01:04:08, 11
01:04:09, 13
01:04:10, 10
01:04:11, 13
01:04:12, 13
01:04:13, 15
01:04:14, 10
01:04:15, 8
01:04:16, 4
01:04:17, 7
01:04:18, 8
01:04:19, 14
01:04:20, 11
01:04:21, 12
01:04:22, 12
01:04:23, 9
01:04:24, 10
01:04:25, 6
01:04:26, 3
01:04:27, 3
01:04:28, 4
01:04:29, 10
01:04:30, 7
01:04:31, 5
01:04:32, 8
01:04:33, 5
01:04:34, 7
01:04:35, 5
01:04:36, 3
01:04:37, 5
01:04:38, 9
01:04:39, 6
01:04:40, 3
01:04:41, 2
01:04:42, 1
01:04:43, 0
01:04:44, 0
01:04:45, 0
01:04:46, 0
01:04:47, 0
01:04:48, 0
01:04:49, 0
01:04:50, 0
01:04:51, 0
01:04:52, 0
01:04:53, 0
01:04:54, 0
01:04:55, 0
01:04:56, 0
01:04:57, 0
01:04:58, 0
01:04:59, 0
01:05:00, 0
01:05:01, 0
01:05:02, 0
01:05:03, 0
01:05:04, 0
01:05:05, 0
01:05:06, 0
01:05:07, 0
01:05:08, 0
01:05:09, 0
01:05:10, 0
01:05:11, 0
01:05:12, 0
01:05:13, 0
01:05:14, 0
01:05:15, 0
01:05:16, 0
01:05:17, 0
01:05:18, 0
01:05:19, 0
01:05:20, 0
01:05:21, 0
01:05:22, 0
01:05:23, 0
01:05:24, 0
01:05:25, 0
01:05:26, 0
01:05:27, 0
01:05:28, 0
01:05:29, 0
01:05:30, 0
01:05:31, 0
01:05:32, 0
01:05:33, 0
01:05:34, 0
01:05:35, 0
01:05:36, 0
01:05:37, 0
01:05:38, 0
01:05:39, 0
01:05:40, 0
01:05:41, 0
01:05:42, 0
01:05:43, 0
01:05:44, 0
01:05:45, 0
01:05:46, 0
01:05:47, 0
01:05:48, 0
01:05:49, 0
01:05:50, 0
01:05:51, 0
01:05:52, 0
01:05:53, 0
01:05:54, 0
01:05:55, 0
01:05:56, 0
01:05:57, 0
01:05:58, 0
01:05:59, 0
01:06:00, 0
01:06:01, 0
01:06:02, 0
01:06:03, 0
01:06:04, 0
01:06:05, 0
01:06:06, 0
01:06:07, 0
01:06:08, 0
01:06:09, 0
01:06:10, 0
01:06:11, 0
01:06:12, 0
01:06:13, 0
01:06:14, 0
01:06:15, 0
01:06:16, 0
01:06:17, 0
01:06:18, 0
01:06:19, 0
01:06:20, 0
01:06:21, 0
01:06:22, 0
01:06:23, 0
01:06:24, 0
01:06:25, 0
01:06:26, 0
01:06:27, 0
01:06:28, 0
01:06:29, 0
01:06:30, 0
01:06:31, 0
01:06:32, 0
01:06:33, 0
01:06:34, 0
01:06:35, 0
01:06:36, 0
01:06:37, 0
01:06:38, 0
01:06:39, 0
01:06:40, 0
01:06:41, 0
01:06:42, 0
01:06:43, 0
01:06:44, 0
01:06:45, 0
01:06:46, 0
01:06:47, 0
01:06:48, 0
01:06:49, 0
01:06:50, 0
01:06:51, 0
01:06:52, 0
01:06:53, 0
01:06:54, 0
01:06:55, 0
01:06:56, 0
01:06:57, 0
01:06:58, 0
01:06:59, 0
01:07:00, 0
01:07:01, 0
01:07:02, 0
01:07:03, 0
01:07:04, 0
01:07:05, 0
01:07:06, 0
01:07:07, 0
01:07:08, 0
01:07:09, 0
01:07:10, 0
01:07:11, 0
01:07:12, 0
01:07:13, 0
01:07:14, 0
01:07:15, 0
01:07:16, 0
01:07:17, 0
01:07:18, 0
01:07:19, 0
01:07:20, 0
01:07:21, 0
01:07:22, 0
01:07:23, 0
01:07:24, 0
01:07:25, 0
01:07:26, 0
01:07:27, 0
01:07:28, 0
01:07:29, 0
01:07:30, 0
01:07:31, 0
01:07:32, 0
01:07:33, 0
01:07:34, 0
01:07:35, 0
01:07:36, 0
01:07:37, 0
01:07:38, 0
01:07:39, 0
01:07:40, 0
01:07:41, 0
01:07:42, 0
01:07:43, 0
01:07:44, 0
01:07:45, 0
01:07:46, 0
01:07:47, 0
01:07:48, 0
01:07:49, 0
01:07:50, 0
01:07:51, 0
01:07:52, 0
01:07:53, 0
01:07:54, 0
01:07:55, 0
01:07:56, 0
01:07:57, 0
01:07:58, 0
01:07:59, 0
01:08:00, 0
01:08:01, 0
01:08:02, 0
01:08:03, 0
01:08:04, 0
01:08:05, 0
01:08:06, 0
01:08:07, 0
01:08:08, 0
01:08:09, 0
01:08:10, 0
01:08:11, 0
01:08:12, 0
01:08:13, 0
01:08:14, 0
01:08:15, 0
01:08:16, 0
01:08:17, 0
01:08:18, 0
01:08:19, 0
01:08:20, 0
01:08:21, 0
01:08:22, 0
01:08:23, 0
01:08:24, 0
01:08:25, 0
01:08:26, 0
01:08:27, 0
01:08:28, 0
01:08:29, 0
01:08:30, 0
01:08:31, 0
01:08:32, 0
01:08:33, 0
01:08:34, 0
01:08:35, 0
01:08:36, 0
01:08:37, 0
01:08:38, 0
01:08:39, 0
01:08:40, 0
01:08:41, 0
01:08:42, 0
01:08:43, 0
01:08:44, 0
01:08:45, 0
01:08:46, 0
01:08:47, 0
01:08:48, 0
01:08:49, 0
01:08:50, 0
01:08:51, 0
01:08:52, 0
01:08:53, 0
01:08:54, 0
01:08:55, 0
01:08:56, 0
01:08:57, 0
01:08:58, 0
01:08:59, 0
01:09:00, 0
01:09:01, 0
01:09:02, 0
01:09:03, 0
01:09:04, 0
01:09:05, 0
01:09:06, 0
01:09:07, 0
01:09:08, 0
01:09:09, 0
01:09:10, 0
01:09:11, 0
01:09:12, 0
01:09:13, 0
01:09:14, 0
01:09:15, 0
01:09:16, 0
01:09:17, 0
01:09:18, 0
01:09:19, 0
01:09:20, 0
01:09:21, 0
01:09:22, 0
01:09:23, 0
01:09:24, 0
01:09:25, 0
01:09:26, 0
01:09:27, 0
01:09:28, 0
01:09:29, 0
01:09:30, 0
01:09:31, 0
01:09:32, 0
01:09:33, 0
01:09:34, 0
01:09:35, 0
01:09:36, 0
01:09:37, 0
01:09:38, 0
01:09:39, 0
01:09:40, 0
01:09:41, 0
01:09:42, 0
01:09:43, 0
01:09:44, 0
01:09:45, 0
01:09:46, 0
01:09:47, 0
01:09:48, 0
01:09:49, 0
01:09:50, 0
01:09:51, 0
01:09:52, 0
01:09:53, 0
01:09:54, 0
01:09:55, 0
01:09:56, 0
01:09:57, 0
01:09:58, 0
01:09:59, 0
01:10:00, 0
01:10:01, 0
01:10:02, 0
01:10:03, 0
01:10:04, 0
01:10:05, 0
01:10:06, 0
01:10:07, 0
01:10:08, 0
01:10:09, 0
01:10:10, 0
01:10:11, 0
01:10:12, 0
01:10:13, 0
01:10:14, 0
01:10:15, 0
01:10:16, 0
01:10:17, 0
01:10:18, 0
01:10:19, 0
01:10:20, 0
01:10:21, 0
01:10:22, 0
01:10:23, 0
01:10:24, 0
01:10:25, 0
01:10:26, 0
01:10:27, 0
01:10:28, 0
01:10:29, 0
01:10:30, 0
01:10:31, 0
01:10:32, 0
01:10:33, 0
01:10:34, 0
01:10:35, 0
01:10:36, 0
01:10:37, 0
01:10:38, 0
01:10:39, 0
01:10:40, 0
01:10:41, 0
01:10:42, 0
01:10:43, 0
01:10:44, 0
01:10:45, 0
01:10:46, 0
01:10:47, 0
01:10:48, 0
01:10:49, 0
01:10:50, 0
01:10:51, 0
01:10:52, 0
01:10:53, 0
01:10:54, 0
01:10:55, 0
01:10:56, 0
01:10:57, 0
01:10:58, 0
01:10:59, 0
01:11:00, 0
01:11:01, 0
01:11:02, 0
01:11:03, 0
01:11:04, 0
01:11:05, 0
01:11:06, 0
01:11:07, 0
01:11:08, 0
01:11:09, 0
01:11:10, 0
01:11:11, 0
01:11:12, 0
01:11:13, 0
01:11:14, 0
01:11:15, 0
01:11:16, 0
01:11:17, 0
01:11:18, 0
01:11:19, 0
01:11:20, 0
01:11:21, 0
01:11:22, 0
01:11:23, 0
01:11:24, 0
01:11:25, 0
01:11:26, 0
01:11:27, 0
01:11:28, 0
01:11:29, 0
01:11:30, 0
01:11:31, 0
01:11:32, 0
01:11:33, 0
01:11:34, 0
01:11:35, 0
01:11:36, 0
01:11:37, 0
01:11:38, 0
01:11:39, 0
01:11:40, 0
01:11:41, 0
01:11:42, 0
01:11:43, 0
01:11:44, 0
01:11:45, 0
01:11:46, 0
01:11:47, 0
01:11:48, 0
01:11:49, 0
01:11:50, 0
01:11:51, 0
01:11:52, 0
01:11:53, 0
01:11:54, 0
01:11:55, 0
01:11:56, 0
01:11:57, 0
01:11:58, 0
01:11:59, 0
01:12:00, 0
01:12:01, 0
01:12:02, 0
01:12:03, 0
01:12:04, 0
01:12:05, 0
01:12:06, 0
01:12:07, 0
01:12:08, 0
01:12:09, 0
01:12:10, 0
01:12:11, 0
01:12:12, 0
01:12:13, 0
01:12:14, 0
01:12:15, 0
01:12:16, 0
01:12:17, 0
01:12:18, 0
01:12:19, 0
01:12:20, 0
01:12:21, 0
01:12:22, 0
01:12:23, 0
01:12:24, 0
01:12:25, 0
01:12:26, 0
01:12:27, 0
01:12:28, 0
01:12:29, 0
01:12:30, 0
01:12:31, 0
01:12:32, 0
01:12:33, 0
01:12:34, 0
01:12:35, 0
01:12:36, 0
01:12:37, 0
01:12:38, 0
01:12:39, 0
01:12:40, 0
01:12:41, 0
01:12:42, 0
01:12:43, 0
01:12:44, 0
01:12:45, 0
01:12:46, 0
01:12:47, 0
01:12:48, 0
01:12:49, 0
01:12:50, 0
01:12:51, 0
01:12:52, 0
01:12:53, 0
01:12:54, 0
01:12:55, 0
01:12:56, 0
01:12:57, 0
01:12:58, 0
01:12:59, 0
01:13:00, 0
01:13:01, 0
01:13:02, 0
01:13:03, 0
01:13:04, 0
01:13:05, 0
01:13:06, 0
01:13:07, 0
01:13:08, 0
01:13:09, 0
01:13:10, 0
01:13:11, 0
01:13:12, 0
01:13:13, 0
01:13:14, 0
01:13:15, 0
01:13:16, 0
01:13:17, 0
01:13:18, 0
01:13:19, 0
01:13:20, 0
01:13:21, 0
01:13:22, 0
01:13:23, 0
01:13:24, 0
01:13:25, 0
01:13:26, 0
01:13:27, 0
01:13:28, 0
01:13:29, 0
01:13:30, 0
01:13:31, 0
01:13:32, 0
01:13:33, 0
01:13:34, 0
01:13:35, 0
01:13:36, 0
01:13:37, 0
01:13:38, 0
01:13:39, 0
01:13:40, 0
01:13:41, 0
01:13:42, 0
01:13:43, 0
01:13:44, 0
01:13:45, 0
01:13:46, 0
01:13:47, 0
01:13:48, 0
01:13:49, 0
01:13:50, 0
01:13:51, 0
01:13:52, 0
01:13:53, 0
01:13:54, 0
01:13:55, 0
01:13:56, 0
01:13:57, 0
01:13:58, 0
01:13:59, 0
01:14:00, 0
01:14:01, 0
01:14:02, 0
01:14:03, 0
01:14:04, 0
01:14:05, 0
01:14:06, 0
01:14:07, 0
01:14:08, 0
01:14:09, 0
01:14:10, 0
01:14:11, 0
01:14:12, 0
01:14:13, 0
01:14:14, 0
01:14:15, 0
01:14:16, 0
01:14:17, 0
01:14:18, 0
01:14:19, 0
01:14:20, 0
01:14:21, 0
01:14:22, 0
01:14:23, 0
01:14:24, 0
01:14:25, 0
01:14:26, 0
01:14:27, 0
01:14:28, 0
01:14:29, 0
01:14:30, 0
01:14:31, 0
01:14:32, 0
01:14:33, 0
01:14:34, 0
01:14:35, 0
01:14:36, 0
01:14:37, 0
01:14:38, 0
01:14:39, 0
01:14:40, 0
01:14:41, 0
01:14:42, 0
01:14:43, 0
01:14:44, 0
01:14:45, 0
01:14:46, 0
01:14:47, 0
01:14:48, 0
01:14:49, 0
01:14:50, 0
01:14:51, 0
01:14:52, 0
01:14:53, 0
01:14:54, 0
01:14:55, 0
01:14:56, 0
01:14:57, 0
01:14:58, 0
01:14:59, 0
01:15:00, 0
01:15:01, 0
01:15:02, 0
01:15:03, 0
01:15:04, 0
01:15:05, 0
01:15:06, 0
01:15:07, 0
01:15:08, 0
01:15:09, 0
01:15:10, 0
01:15:11, 0
01:15:12, 0
01:15:13, 0
01:15:14, 0
01:15:15, 0
01:15:16, 0
01:15:17, 0
01:15:18, 0
01:15:19, 0
01:15:20, 0
01:15:21, 0
01:15:22, 0
01:15:23, 0
01:15:24, 0
01:15:25, 0
01:15:26, 0
01:15:27, 0
01:15:28, 0
01:15:29, 0
01:15:30, 0
01:15:31, 0
01:15:32, 0
01:15:33, 0
01:15:34, 0
01:15:35, 0
01:15:36, 0
01:15:37, 0
01:15:38, 0
01:15:39, 0
01:15:40, 0
01:15:41, 0
01:15:42, 0
01:15:43, 0
01:15:44, 0
01:15:45, 0
01:15:46, 0
01:15:47, 0
01:15:48, 0
01:15:49, 0
01:15:50, 0
01:15:51, 0
01:15:52, 0
01:15:53, 0
01:15:54, 0
01:15:55, 0
01:15:56, 0
01:15:57, 0
01:15:58, 0
01:15:59, 0
01:16:00, 0
01:16:01, 0
01:16:02, 0
01:16:03, 0
01:16:04, 0
01:16:05, 0
01:16:06, 0
01:16:07, 0
01:16:08, 0
01:16:09, 0
01:16:10, 0
01:16:11, 0
01:16:12, 0
01:16:13, 0
01:16:14, 0
01:16:15, 0
01:16:16, 0
01:16:17, 0
01:16:18, 0
01:16:19, 0
01:16:20, 0
01:16:21, 0
01:16:22, 0
01:16:23, 0
01:16:24, 0
01:16:25, 0
01:16:26, 0
01:16:27, 0
01:16:28, 0
01:16:29, 0
01:16:30, 0
01:16:31, 0
01:16:32, 0
01:16:33, 0
01:16:34, 0
01:16:35, 0
01:16:36, 0
01:16:37, 0
01:16:38, 0
01:16:39, 0
01:16:40, 0
01:16:41, 0
01:16:42, 0
01:16:43, 0
01:16:44, 0
01:16:45, 0
01:16:46, 0
01:16:47, 0
01:16:48, 0
01:16:49, 0
01:16:50, 0
01:16:51, 0
01:16:52, 0
01:16:53, 0
01:16:54, 0
01:16:55, 0
01:16:56, 0
01:16:57, 0
01:16:58, 0
01:16:59, 0
01:17:00, 0
01:17:01, 0
01:17:02, 0
01:17:03, 0
01:17:04, 0
01:17:05, 0
01:17:06, 0
01:17:07, 0
01:17:08, 0
01:17:09, 0
01:17:10, 0
01:17:11, 0
01:17:12, 0
01:17:13, 0
01:17:14, 0
01:17:15, 0
01:17:16, 0
01:17:17, 0
01:17:18, 0
01:17:19, 0
01:17:20, 0
01:17:21, 0
01:17:22, 0
01:17:23, 0
01:17:24, 0
01:17:25, 0
01:17:26, 0
01:17:27, 0
01:17:28, 0
01:17:29, 0
01:17:30, 0
01:17:31, 0
01:17:32, 0
01:17:33, 0
01:17:34, 0
01:17:35, 0
01:17:36, 0
01:17:37, 0
01:17:38, 0
01:17:39, 0
01:17:40, 0
01:17:41, 0
01:17:42, 0
01:17:43, 0
01:17:44, 0
01:17:45, 0
01:17:46, 0
01:17:47, 0
01:17:48, 0
01:17:49, 0
01:17:50, 0
01:17:51, 0
01:17:52, 0
01:17:53, 0
01:17:54, 0
01:17:55, 0
01:17:56, 0
01:17:57, 0
01:17:58, 0
01:17:59, 0
01:18:00, 0
01:18:01, 0
01:18:02, 0
01:18:03, 0
01:18:04, 0
01:18:05, 0
01:18:06, 0
01:18:07, 0
01:18:08, 0
01:18:09, 0
01:18:10, 0
01:18:11, 0
01:18:12, 0
01:18:13, 0
01:18:14, 0
01:18:15, 0
01:18:16, 0
01:18:17, 0
01:18:18, 0
01:18:19, 0
01:18:20, 0
01:18:21, 0
01:18:22, 0
01:18:23, 0
01:18:24, 0
01:18:25, 0
01:18:26, 0
01:18:27, 0
01:18:28, 0
01:18:29, 0
01:18:30, 0
01:18:31, 0
01:18:32, 0
01:18:33, 0
01:18:34, 0
01:18:35, 0
01:18:36, 0
01:18:37, 0
01:18:38, 0
01:18:39, 0
01:18:40, 0
01:18:41, 0
01:18:42, 0
01:18:43, 0
01:18:44, 0
01:18:45, 0
01:18:46, 0
01:18:47, 0
01:18:48, 0
01:18:49, 0
01:18:50, 0
01:18:51, 0
01:18:52, 0
01:18:53, 0
01:18:54, 0
01:18:55, 0
01:18:56, 0
01:18:57, 0
01:18:58, 0
01:18:59, 0
01:19:00, 0
01:19:01, 0
01:19:02, 0
01:19:03, 0
01:19:04, 0
01:19:05, 0
01:19:06, 0
01:19:07, 0
01:19:08, 0
01:19:09, 0
01:19:10, 0
01:19:11, 0
01:19:12, 0
01:19:13, 0
01:19:14, 0
01:19:15, 0
01:19:16, 0
01:19:17, 0
01:19:18, 0
01:19:19, 0
01:19:20, 0
01:19:21, 0
01:19:22, 0
01:19:23, 0
01:19:24, 0
01:19:25, 0
01:19:26, 0
01:19:27, 0
01:19:28, 0
01:19:29, 0
01:19:30, 0
01:19:31, 0
01:19:32, 0
01:19:33, 0
01:19:34, 0
01:19:35, 0
01:19:36, 0
01:19:37, 0
01:19:38, 0
01:19:39, 0
01:19:40, 0
01:19:41, 0
01:19:42, 0
01:19:43, 0
01:19:44, 0
01:19:45, 0
01:19:46, 0
01:19:47, 0
01:19:48, 0
01:19:49, 0
01:19:50, 0
01:19:51, 0
01:19:52, 0
01:19:53, 0
01:19:54, 0
01:19:55, 0
01:19:56, 0
01:19:57, 0
01:19:58, 0
01:19:59, 0
01:20:00, 0
01:20:01, 0
01:20:02, 0
01:20:03, 0
01:20:04, 0
01:20:05, 0
01:20:06, 0
01:20:07, 0
01:20:08, 0
01:20:09, 0
01:20:10, 0
01:20:11, 0
01:20:12, 0
01:20:13, 0
01:20:14, 0
01:20:15, 0
01:20:16, 0
01:20:17, 0
01:20:18, 0
01:20:19, 0
01:20:20, 0
01:20:21, 0
01:20:22, 0
01:20:23, 0
01:20:24, 0
01:20:25, 0
01:20:26, 0
01:20:27, 0
01:20:28, 0
01:20:29, 0
01:20:30, 0
01:20:31, 0
01:20:32, 0
01:20:33, 0
01:20:34, 0
01:20:35, 0
01:20:36, 0
01:20:37, 0
01:20:38, 0
01:20:39, 0
01:20:40, 0
01:20:41, 0
01:20:42, 0
01:20:43, 0
01:20:44, 0
01:20:45, 0
01:20:46, 0
01:20:47, 0
01:20:48, 0
01:20:49, 0
01:20:50, 0
01:20:51, 0
01:20:52, 0
01:20:53, 0
01:20:54, 0
01:20:55, 0
01:20:56, 0
01:20:57, 0
01:20:58, 0
01:20:59, 0
01:21:00, 0
01:21:01, 0
01:21:02, 0
01:21:03, 0
01:21:04, 0
01:21:05, 0
01:21:06, 0
01:21:07, 0
01:21:08, 0
01:21:09, 0
01:21:10, 0
01:21:11, 0
01:21:12, 0
01:21:13, 0
01:21:14, 0
01:21:15, 0
01:21:16, 0
01:21:17, 0
01:21:18, 0
01:21:19, 0
01:21:20, 0
01:21:21, 0
01:21:22, 0
01:21:23, 0
01:21:24, 0
01:21:25, 0
01:21:26, 0
01:21:27, 0
01:21:28, 0
01:21:29, 0
01:21:30, 0
01:21:31, 0
01:21:32, 0
01:21:33, 0
01:21:34, 0
01:21:35, 0
01:21:36, 0
01:21:37, 0
01:21:38, 0
01:21:39, 0
01:21:40, 0
01:21:41, 0
01:21:42, 0
01:21:43, 0
01:21:44, 0
01:21:45, 0
01:21:46, 0
01:21:47, 0
01:21:48, 0
01:21:49, 0
01:21:50, 0
01:21:51, 0
01:21:52, 0
01:21:53, 0
01:21:54, 0
01:21:55, 0
01:21:56, 0
01:21:57, 0
01:21:58, 0
01:21:59, 0
01:22:00, 0
01:22:01, 0
01:22:02, 0
01:22:03, 0
01:22:04, 0
01:22:05, 0
01:22:06, 0
01:22:07, 0
01:22:08, 0
01:22:09, 0
01:22:10, 0
01:22:11, 0
01:22:12, 0
01:22:13, 0
01:22:14, 0
01:22:15, 0
01:22:16, 0
01:22:17, 0
01:22:18, 0
01:22:19, 0
01:22:20, 0
01:22:21, 0
01:22:22, 0
01:22:23, 0
01:22:24, 0
01:22:25, 0
01:22:26, 0
01:22:27, 0
01:22:28, 0
01:22:29, 0
01:22:30, 0
01:22:31, 0
01:22:32, 0
01:22:33, 0
01:22:34, 0
01:22:35, 0
01:22:36, 0
01:22:37, 0
01:22:38, 0
01:22:39, 0
01:22:40, 0
01:22:41, 0
01:22:42, 0
01:22:43, 0
01:22:44, 0
01:22:45, 0
01:22:46, 0
01:22:47, 0
01:22:48, 0
01:22:49, 0
01:22:50, 0
01:22:51, 0
01:22:52, 0
01:22:53, 0
01:22:54, 0
01:22:55, 0
01:22:56, 0
01:22:57, 0
01:22:58, 0
01:22:59, 0
01:23:00, 0
01:23:01, 0
01:23:02, 0
01:23:03, 0
01:23:04, 0
01:23:05, 0
01:23:06, 0
01:23:07, 0
01:23:08, 0
01:23:09, 0
01:23:10, 0
01:23:11, 0
01:23:12, 0
01:23:13, 0
01:23:14, 0
01:23:15, 0
01:23:16, 0
01:23:17, 0
01:23:18, 0
01:23:19, 0
01:23:20, 0
01:23:21, 0
01:23:22, 0
01:23:23, 0
01:23:24, 0
01:23:25, 0
01:23:26, 0
01:23:27, 0
01:23:28, 0
01:23:29, 0
01:23:30, 0
01:23:31, 0
01:23:32, 0
01:23:33, 0
01:23:34, 0
01:23:35, 0
01:23:36, 0
01:23:37, 0
01:23:38, 0
01:23:39, 0
01:23:40, 0
01:23:41, 0
01:23:42, 0
01:23:43, 0
01:23:44, 0
01:23:45, 0
01:23:46, 0
01:23:47, 0
01:23:48, 0
01:23:49, 0
01:23:50, 0
01:23:51, 0
01:23:52, 0
01:23:53, 0
01:23:54, 0
01:23:55, 0
01:23:56, 0
01:23:57, 0
01:23:58, 0
01:23:59, 0
01:24:00, 0
01:24:01, 0
01:24:02, 0
01:24:03, 0
01:24:04, 0
01:24:05, 0
01:24:06, 0
01:24:07, 0
01:24:08, 0
01:24:09, 0
01:24:10, 0
01:24:11, 0
01:24:12, 0
01:24:13, 0
01:24:14, 0
01:24:15, 0
01:24:16, 0
01:24:17, 0
01:24:18, 0
01:24:19, 0
01:24:20, 0
01:24:21, 0
01:24:22, 0
01:24:23, 0
01:24:24, 0
01:24:25, 0
01:24:26, 0
01:24:27, 0
01:24:28, 0
01:24:29, 0
01:24:30, 0
01:24:31, 0
01:24:32, 0
01:24:33, 0
01:24:34, 0
01:24:35, 0
01:24:36, 0
01:24:37, 0
01:24:38, 0
01:24:39, 0
01:24:40, 0
01:24:41, 0
01:24:42, 0
01:24:43, 0
01:24:44, 0
01:24:45, 0
01:24:46, 0
01:24:47, 0
01:24:48, 0
01:24:49, 0
01:24:50, 0
01:24:51, 0
01:24:52, 0
01:24:53, 0
01:24:54, 0
01:24:55, 0
01:24:56, 0
01:24:57, 0
01:24:58, 0
01:24:59, 0
01:25:00, 0
01:25:01, 0
01:25:02, 0
01:25:03, 0
01:25:04, 0
01:25:05, 0
01:25:06, 0
01:25:07, 0
01:25:08, 0
01:25:09, 0
01:25:10, 0
01:25:11, 0
01:25:12, 0
01:25:13, 0
01:25:14, 0
01:25:15, 0
01:25:16, 0
01:25:17, 0
01:25:18, 0
01:25:19, 0
01:25:20, 0
01:25:21, 0
01:25:22, 0
01:25:23, 0
01:25:24, 0
01:25:25, 0
01:25:26, 0
01:25:27, 0
01:25:28, 0
01:25:29, 0
01:25:30, 0
01:25:31, 0
01:25:32, 0
01:25:33, 0
01:25:34, 0
01:25:35, 0
01:25:36, 0
01:25:37, 0
01:25:38, 0
01:25:39, 0
01:25:40, 0
01:25:41, 0
01:25:42, 0
01:25:43, 0
01:25:44, 0
01:25:45, 0
01:25:46, 0
01:25:47, 0
01:25:48, 0
01:25:49, 0
01:25:50, 0
01:25:51, 0
01:25:52, 0
01:25:53, 0
01:25:54, 0
01:25:55, 0
01:25:56, 0
01:25:57, 0
01:25:58, 0
01:25:59, 0
01:26:00, 0
01:26:01, 0
01:26:02, 0
01:26:03, 0
01:26:04, 0
01:26:05, 0
01:26:06, 0
01:26:07, 0
01:26:08, 0
01:26:09, 0
01:26:10, 0
01:26:11, 0
01:26:12, 0
01:26:13, 0
01:26:14, 0
01:26:15, 0
01:26:16, 0
01:26:17, 0
01:26:18, 0
01:26:19, 0
01:26:20, 0
01:26:21, 0
01:26:22, 0
01:26:23, 0
01:26:24, 0
01:26:25, 0
01:26:26, 0
01:26:27, 0
01:26:28, 0
01:26:29, 0
01:26:30, 0
01:26:31, 0
01:26:32, 0
01:26:33, 0
01:26:34, 0
01:26:35, 0
01:26:36, 0
01:26:37, 0
01:26:38, 0
01:26:39, 0
01:26:40, 0
01:26:41, 0
01:26:42, 0
01:26:43, 0
01:26:44, 0
01:26:45, 0
01:26:46, 0
01:26:47, 0
01:26:48, 0
01:26:49, 0
01:26:50, 0
01:26:51, 0
01:26:52, 0
01:26:53, 0
01:26:54, 0
01:26:55, 0
01:26:56, 0
01:26:57, 0
01:26:58, 0
01:26:59, 0
01:27:00, 0
01:27:01, 0
01:27:02, 0
01:27:03, 0
01:27:04, 0
01:27:05, 0
01:27:06, 0
01:27:07, 0
01:27:08, 0
01:27:09, 0
01:27:10, 0
01:27:11, 0
01:27:12, 0
01:27:13, 0
01:27:14, 0
01:27:15, 0
01:27:16, 0
01:27:17, 0
01:27:18, 0
01:27:19, 0
01:27:20, 0
01:27:21, 0
01:27:22, 0
01:27:23, 0
01:27:24, 0
01:27:25, 0
01:27:26, 0
01:27:27, 0
01:27:28, 0
01:27:29, 0
01:27:30, 0
01:27:31, 0
01:27:32, 0
01:27:33, 0
01:27:34, 0
01:27:35, 0
01:27:36, 0
01:27:37, 0
01:27:38, 0
01:27:39, 0
01:27:40, 0
01:27:41, 0
01:27:42, 0
01:27:43, 0
01:27:44, 0
01:27:45, 0
01:27:46, 0
01:27:47, 0
01:27:48, 0
01:27:49, 0
01:27:50, 0
01:27:51, 0
01:27:52, 0
01:27:53, 0
01:27:54, 0
01:27:55, 0
01:27:56, 0
01:27:57, 0
01:27:58, 0
01:27:59, 0
01:28:00, 0
01:28:01, 0
01:28:02, 0
01:28:03, 0
01:28:04, 0
01:28:05, 0
01:28:06, 0
01:28:07, 0
01:28:08, 0
01:28:09, 0
01:28:10, 0
01:28:11, 0
01:28:12, 0
01:28:13, 0
01:28:14, 0
01:28:15, 0
01:28:16, 0
01:28:17, 0
01:28:18, 0
01:28:19, 0
01:28:20, 0
01:28:21, 0
01:28:22, 0
01:28:23, 0
01:28:24, 0
01:28:25, 0
01:28:26, 0
01:28:27, 0
01:28:28, 0
01:28:29, 0
01:28:30, 0
01:28:31, 0
01:28:32, 0
01:28:33, 0
01:28:34, 0
01:28:35, 0
01:28:36, 0
01:28:37, 0
01:28:38, 0
01:28:39, 0
01:28:40, 0
01:28:41, 0
01:28:42, 0
01:28:43, 0
01:28:44, 0
01:28:45, 0
01:28:46, 0
01:28:47, 0
01:28:48, 0
01:28:49, 0
01:28:50, 0
01:28:51, 0
01:28:52, 0
01:28:53, 0
01:28:54, 0
01:28:55, 0
01:28:56, 0
01:28:57, 0
01:28:58, 0
01:28:59, 0
01:29:00, 0
01:29:01, 0
01:29:02, 0
01:29:03, 0
01:29:04, 0
01:29:05, 0
01:29:06, 0
01:29:07, 0
01:29:08, 0
01:29:09, 0
01:29:10, 0
01:29:11, 0
01:29:12, 0
01:29:13, 0
01:29:14, 0
01:29:15, 0
01:29:16, 0
01:29:17, 0
01:29:18, 0
01:29:19, 0
01:29:20, 0
01:29:21, 0
01:29:22, 0
01:29:23, 0
01:29:24, 0
01:29:25, 0
01:29:26, 0
01:29:27, 0
01:29:28, 0
01:29:29, 0
01:29:30, 0
01:29:31, 0
01:29:32, 0
01:29:33, 0
01:29:34, 0
01:29:35, 0
01:29:36, 0
01:29:37, 0
01:29:38, 0
01:29:39, 0
01:29:40, 0
01:29:41, 0
01:29:42, 0
01:29:43, 0
01:29:44, 0
01:29:45, 0
01:29:46, 0
01:29:47, 0
01:29:48, 0
01:29:49, 0
01:29:50, 0
01:29:51, 0
01:29:52, 0
01:29:53, 0
01:29:54, 0
01:29:55, 0
01:29:56, 0
01:29:57, 0
01:29:58, 0
